appointment_id,doctor_id,specialization,day_of_week,appointment_hour,appointment_minute,queue_position,patients_ahead,checked_in_ahead,current_queue_length,slot_booked_count,completed_consultations_today,doctor_avg_consultation_minutes,doctor_avg_wait_minutes,actual_consultation_duration_minutes,actual_wait_minutes,baseline_15min_wait
APT100000,DOC004,Pediatrics,3,14,45,8,7,7,7,8,5,16,122.58,16.17,114.54,105
APT100001,DOC005,Orthopedics,1,12,0,13,12,9,11,13,4,18,199.21,17.06,199.24,180
APT100002,DOC003,Dermatology,3,10,0,8,7,4,4,8,4,12,71.83,7.58,70.66,105
APT100003,DOC005,Orthopedics,2,14,45,3,2,1,3,3,9,18,51.68,21.03,32.03,30
APT100004,DOC005,Orthopedics,0,13,45,4,3,3,3,4,10,18,94.24,29.27,68.74,45
APT100005,DOC002,Cardiology,3,17,0,2,1,1,1,4,2,20,23.24,25.89,17.23,15
APT100006,DOC003,Dermatology,5,11,15,4,3,2,5,4,7,12,53.03,22.8,43.55,45
APT100007,DOC003,Dermatology,0,12,15,11,10,8,11,11,7,12,142.96,11.6,158.23,150
APT100008,DOC003,Dermatology,1,13,45,11,10,7,8,11,4,12,114.74,21.12,115.66,150
APT100009,DOC005,Orthopedics,5,15,30,11,10,8,11,11,7,18,155.7,15.62,164.38,150
APT100010,DOC004,Pediatrics,0,13,15,14,13,12,12,14,9,16,288.5,15.96,240.0,195
APT100011,DOC003,Dermatology,5,14,45,9,8,5,8,9,7,12,71.45,5.0,65.2,120
APT100012,DOC005,Orthopedics,1,11,15,2,1,1,1,2,2,18,32.44,14.14,23.14,15
APT100013,DOC002,Cardiology,2,15,30,12,11,10,12,12,1,20,214.81,20.52,215.08,165
APT100014,DOC004,Pediatrics,1,12,45,12,11,7,7,12,8,16,165.67,18.53,131.24,165
APT100015,DOC002,Cardiology,1,10,30,13,12,10,11,13,1,20,232.65,20.13,225.6,180
APT100016,DOC004,Pediatrics,5,14,45,3,2,2,4,3,8,16,67.65,9.03,40.63,30
APT100017,DOC005,Orthopedics,6,11,30,15,14,11,12,15,3,18,248.17,15.9,229.96,210
APT100018,DOC001,General Medicine,4,10,15,11,10,6,7,11,1,14,111.73,10.92,76.79,150
APT100019,DOC004,Pediatrics,3,15,15,11,10,7,8,11,9,16,129.91,10.02,117.17,150
APT100020,DOC002,Cardiology,3,13,30,15,14,12,15,15,0,20,290.2,16.34,240.0,210
APT100021,DOC005,Orthopedics,2,14,30,4,3,3,4,4,3,18,63.94,14.43,70.74,45
APT100022,DOC004,Pediatrics,2,11,30,5,4,3,5,5,8,16,87.71,24.89,63.87,60
APT100023,DOC001,General Medicine,3,15,45,1,0,0,0,1,8,14,14.32,16.58,8.5,0
APT100024,DOC001,General Medicine,4,10,15,7,6,4,5,7,3,14,79.13,19.8,74.36,90
APT100025,DOC003,Dermatology,3,12,45,14,13,11,13,14,8,12,171.34,6.84,180.89,195
APT100026,DOC003,Dermatology,6,17,15,10,9,7,8,10,5,12,78.49,16.06,85.26,135
APT100027,DOC002,Cardiology,4,15,0,7,6,5,5,7,0,20,116.79,24.93,99.53,90
APT100028,DOC004,Pediatrics,2,13,45,9,8,6,8,9,9,16,139.29,8.53,122.96,120
APT100029,DOC004,Pediatrics,0,12,15,4,3,2,4,4,5,16,70.26,13.89,48.49,45
APT100030,DOC003,Dermatology,5,16,15,14,13,11,11,14,8,12,143.3,14.22,137.27,195
APT100031,DOC004,Pediatrics,6,13,45,14,13,9,11,14,1,16,185.11,20.64,169.53,195
APT100032,DOC004,Pediatrics,6,15,45,6,5,4,4,6,5,16,99.62,14.17,73.94,75
APT100033,DOC001,General Medicine,2,15,15,11,10,8,10,11,1,14,122.12,9.93,121.62,150
APT100034,DOC003,Dermatology,2,9,45,2,1,1,3,3,3,12,35.07,10.11,22.71,15
APT100035,DOC005,Orthopedics,1,10,30,12,11,7,7,12,7,18,164.88,18.76,161.81,165
APT100036,DOC003,Dermatology,6,14,45,12,11,9,9,12,6,12,118.79,18.86,130.58,165
APT100037,DOC005,Orthopedics,1,10,45,14,13,7,9,14,10,18,169.45,16.76,163.96,195
APT100038,DOC001,General Medicine,1,11,45,4,3,2,4,4,8,14,63.23,23.03,60.41,45
APT100039,DOC002,Cardiology,5,16,15,2,1,1,1,4,6,20,32.77,19.16,22.55,15
APT100040,DOC004,Pediatrics,1,13,30,10,9,7,10,10,0,16,135.12,15.08,153.78,135
APT100041,DOC001,General Medicine,4,15,0,5,4,3,3,5,1,14,58.03,20.75,52.99,60
APT100042,DOC004,Pediatrics,3,13,0,15,14,12,14,15,5,16,239.24,21.68,240.0,210
APT100043,DOC002,Cardiology,0,13,30,7,6,5,7,7,6,20,154.39,25.93,143.35,90
APT100044,DOC002,Cardiology,2,10,30,13,12,10,12,13,2,20,245.2,16.44,233.05,180
APT100045,DOC001,General Medicine,4,12,30,1,0,0,0,4,8,14,27.12,13.82,0.0,0
APT100046,DOC002,Cardiology,0,11,15,15,14,10,12,15,6,20,274.77,24.75,240.0,210
APT100047,DOC005,Orthopedics,6,12,0,10,9,7,10,10,5,18,165.11,19.91,176.2,135
APT100048,DOC002,Cardiology,6,15,30,10,9,8,9,10,5,20,173.51,15.1,165.82,135
APT100049,DOC004,Pediatrics,6,12,15,7,6,5,8,7,0,16,111.62,16.93,110.27,90
APT100050,DOC004,Pediatrics,4,13,0,10,9,7,7,10,4,16,141.36,15.69,141.67,135
APT100051,DOC004,Pediatrics,4,12,45,13,12,8,10,13,9,16,180.16,25.04,159.94,180
APT100052,DOC004,Pediatrics,2,10,15,6,5,4,4,6,2,16,85.84,29.59,90.1,75
APT100053,DOC005,Orthopedics,3,12,0,6,5,3,4,6,6,18,83.9,17.32,43.11,75
APT100054,DOC003,Dermatology,1,11,15,12,11,7,7,12,9,12,118.31,17.66,92.23,165
APT100055,DOC001,General Medicine,6,11,0,8,7,4,6,8,2,14,71.19,15.15,65.72,105
APT100056,DOC004,Pediatrics,5,10,0,8,7,5,6,8,4,16,96.87,23.01,92.74,105
APT100057,DOC002,Cardiology,3,12,45,6,5,4,5,6,6,20,104.93,28.77,105.08,75
APT100058,DOC004,Pediatrics,5,15,15,3,2,1,3,4,2,16,26.53,17.74,27.7,30
APT100059,DOC002,Cardiology,2,11,30,5,4,4,6,5,9,20,118.66,16.99,110.68,60
APT100060,DOC002,Cardiology,2,12,45,2,1,1,3,2,1,20,42.44,11.31,38.13,15
APT100061,DOC004,Pediatrics,2,14,45,15,14,9,9,15,5,16,160.56,16.23,141.21,210
APT100062,DOC005,Orthopedics,0,11,0,14,13,9,12,14,7,18,224.98,19.83,209.28,195
APT100063,DOC002,Cardiology,5,16,30,5,4,3,3,5,3,20,65.02,22.71,65.77,60
APT100064,DOC002,Cardiology,3,13,15,14,13,11,11,14,8,20,279.57,24.46,240.0,195
APT100065,DOC004,Pediatrics,3,12,30,9,8,5,8,9,7,16,123.62,12.67,94.33,120
APT100066,DOC002,Cardiology,4,13,30,10,9,6,8,10,6,20,167.08,14.2,163.03,135
APT100067,DOC002,Cardiology,4,10,30,1,0,0,2,3,6,20,25.49,21.3,29.01,0
APT100068,DOC004,Pediatrics,6,14,30,10,9,8,11,10,2,16,147.51,11.87,151.69,135
APT100069,DOC004,Pediatrics,4,12,30,5,4,3,6,5,5,16,85.86,13.67,73.5,60
APT100070,DOC001,General Medicine,2,16,0,12,11,10,10,12,4,14,160.48,12.18,145.29,165
APT100071,DOC005,Orthopedics,3,10,0,6,5,4,5,6,0,18,97.94,25.13,98.82,75
APT100072,DOC005,Orthopedics,5,13,45,14,13,8,11,14,10,18,189.99,21.14,181.17,195
APT100073,DOC002,Cardiology,2,13,0,11,10,7,7,11,2,20,165.16,18.84,170.98,150
APT100074,DOC005,Orthopedics,0,9,45,7,6,4,5,7,0,18,74.79,19.03,75.44,90
APT100075,DOC002,Cardiology,4,12,45,9,8,6,8,9,3,20,153.3,17.46,153.76,120
APT100076,DOC001,General Medicine,2,14,15,6,5,5,7,6,9,14,94.39,11.26,87.72,75
APT100077,DOC004,Pediatrics,2,15,30,5,4,3,3,5,2,16,74.92,15.44,60.6,60
APT100078,DOC004,Pediatrics,0,12,0,12,11,7,7,12,10,16,173.37,20.06,154.87,165
APT100079,DOC004,Pediatrics,1,15,15,7,6,5,8,7,3,16,103.77,16.75,81.08,90
APT100080,DOC005,Orthopedics,3,17,0,13,12,10,12,13,8,18,167.55,17.0,170.17,180
APT100081,DOC001,General Medicine,5,15,45,1,0,0,0,2,2,14,10.3,13.74,0.0,0
APT100082,DOC005,Orthopedics,6,10,0,11,10,9,11,11,5,18,195.49,12.08,211.56,150
APT100083,DOC005,Orthopedics,1,14,30,14,13,9,11,14,5,18,176.84,21.86,174.27,195
APT100084,DOC001,General Medicine,4,12,45,5,4,3,6,5,6,14,72.4,13.26,79.0,60
APT100085,DOC001,General Medicine,2,17,45,15,14,10,11,15,8,14,136.65,9.42,134.48,210
APT100086,DOC001,General Medicine,0,13,15,2,1,1,4,4,6,14,47.25,11.22,43.66,15
APT100087,DOC001,General Medicine,0,10,30,4,3,2,2,4,0,14,48.97,14.23,40.95,45
APT100088,DOC004,Pediatrics,3,14,45,7,6,4,7,7,7,16,82.49,14.51,84.6,90
APT100089,DOC003,Dermatology,1,12,30,5,4,3,6,5,4,12,73.63,5.21,38.58,60
APT100090,DOC003,Dermatology,6,17,0,12,11,9,11,12,8,12,108.74,17.47,105.37,165
APT100091,DOC001,General Medicine,3,17,30,6,5,4,7,6,9,14,74.54,8.14,54.92,75
APT100092,DOC003,Dermatology,2,14,45,2,1,1,1,2,4,12,24.79,14.96,17.24,15
APT100093,DOC003,Dermatology,3,10,15,3,2,1,2,4,4,12,36.02,14.87,11.7,30
APT100094,DOC001,General Medicine,5,14,45,7,6,6,9,7,1,14,103.22,16.45,85.31,90
APT100095,DOC003,Dermatology,0,10,30,11,10,8,11,11,10,12,153.86,22.33,163.56,150
APT100096,DOC005,Orthopedics,0,9,30,2,1,1,2,2,2,18,13.07,13.43,31.34,15
APT100097,DOC002,Cardiology,4,15,45,12,11,10,10,12,9,20,226.69,17.54,206.11,165
APT100098,DOC002,Cardiology,4,11,30,6,5,5,5,6,8,20,147.12,18.65,122.95,75
APT100099,DOC001,General Medicine,6,12,0,5,4,3,6,5,6,14,72.41,16.34,64.16,60
APT100100,DOC004,Pediatrics,2,17,45,10,9,8,10,10,0,16,119.92,20.24,119.46,135
APT100101,DOC001,General Medicine,5,12,15,1,0,0,3,2,2,14,3.0,9.91,8.69,0
APT100102,DOC004,Pediatrics,1,11,45,12,11,7,8,12,1,16,135.9,16.96,144.26,165
APT100103,DOC002,Cardiology,3,16,0,11,10,8,9,11,0,20,175.68,13.29,160.31,150
APT100104,DOC001,General Medicine,6,10,0,15,14,9,10,15,8,14,171.22,16.08,148.73,210
APT100105,DOC005,Orthopedics,2,15,0,10,9,7,10,10,7,18,156.7,22.91,145.66,135
APT100106,DOC003,Dermatology,4,17,0,11,10,8,11,11,4,12,93.39,17.55,88.87,150
APT100107,DOC004,Pediatrics,3,16,0,4,3,2,2,4,10,16,59.48,16.8,44.14,45
APT100108,DOC003,Dermatology,4,14,15,11,10,7,9,11,1,12,96.83,9.91,88.73,150
APT100109,DOC003,Dermatology,3,12,30,2,1,1,4,2,0,12,17.66,9.91,32.33,15
APT100110,DOC001,General Medicine,1,11,0,4,3,3,3,4,6,14,52.92,17.52,66.46,45
APT100111,DOC003,Dermatology,2,15,0,1,0,0,3,4,10,12,27.02,7.18,13.4,0
APT100112,DOC005,Orthopedics,3,16,45,2,1,1,1,2,10,18,43.58,27.4,25.62,15
APT100113,DOC003,Dermatology,5,13,15,13,12,7,7,13,1,12,104.48,7.95,102.84,180
APT100114,DOC001,General Medicine,6,11,15,8,7,5,7,8,0,14,79.79,14.53,83.43,105
APT100115,DOC005,Orthopedics,0,10,30,6,5,3,6,6,1,18,87.06,24.93,88.11,75
APT100116,DOC002,Cardiology,5,10,15,2,1,1,1,4,6,20,41.61,22.62,34.69,15
APT100117,DOC003,Dermatology,5,14,45,12,11,8,9,12,6,12,120.06,9.56,111.61,165
APT100118,DOC001,General Medicine,6,12,45,15,14,13,14,15,9,14,247.27,10.61,213.92,210
APT100119,DOC002,Cardiology,0,16,30,6,5,4,5,6,5,20,95.71,11.59,88.19,75
APT100120,DOC002,Cardiology,5,14,45,10,9,7,9,10,4,20,153.26,23.61,148.74,135
APT100121,DOC004,Pediatrics,3,11,0,9,8,4,4,9,2,16,86.01,26.03,66.64,120
APT100122,DOC005,Orthopedics,3,14,0,7,6,5,7,7,2,18,114.46,15.11,103.64,90
APT100123,DOC003,Dermatology,3,12,45,9,8,7,10,9,10,12,111.94,9.22,108.89,120
APT100124,DOC001,General Medicine,0,13,30,5,4,3,6,5,8,14,93.5,5.0,99.5,60
APT100125,DOC004,Pediatrics,5,14,15,7,6,4,4,7,3,16,80.15,13.24,79.0,90
APT100126,DOC005,Orthopedics,0,15,30,11,10,8,9,11,8,18,188.33,20.2,175.95,150
APT100127,DOC004,Pediatrics,3,15,15,15,14,14,14,15,3,16,241.01,18.42,230.09,210
APT100128,DOC005,Orthopedics,6,11,45,14,13,9,9,14,1,18,195.26,28.93,174.61,195
APT100129,DOC005,Orthopedics,5,9,45,7,6,4,4,7,3,18,80.14,19.22,80.32,90
APT100130,DOC003,Dermatology,5,14,0,12,11,11,13,12,5,12,143.96,9.13,137.62,165
APT100131,DOC005,Orthopedics,4,10,15,12,11,8,11,12,5,18,186.56,13.44,176.77,165
APT100132,DOC004,Pediatrics,4,12,30,3,2,2,2,3,4,16,51.31,22.51,23.14,30
APT100133,DOC005,Orthopedics,1,9,45,7,6,4,4,7,0,18,63.87,18.61,63.6,90
APT100134,DOC003,Dermatology,2,14,30,1,0,0,0,4,2,12,30.58,5.0,0.0,0
APT100135,DOC003,Dermatology,4,10,0,9,8,6,8,9,4,12,102.83,9.42,95.16,120
APT100136,DOC004,Pediatrics,0,14,15,10,9,7,9,10,5,16,151.71,14.35,135.3,135
APT100137,DOC002,Cardiology,4,17,15,13,12,10,12,13,0,20,185.96,16.73,164.95,180
APT100138,DOC002,Cardiology,1,9,45,6,5,3,3,6,8,20,58.65,17.3,49.01,75
APT100139,DOC005,Orthopedics,5,9,15,5,4,2,3,5,2,18,53.27,17.2,36.15,60
APT100140,DOC001,General Medicine,1,12,45,7,6,5,6,7,9,14,88.14,10.35,78.35,90
APT100141,DOC005,Orthopedics,5,15,0,5,4,3,4,5,2,18,62.18,24.93,53.39,60
APT100142,DOC004,Pediatrics,6,11,15,10,9,8,11,10,10,16,170.67,12.06,172.05,135
APT100143,DOC004,Pediatrics,6,12,45,5,4,4,4,5,1,16,89.93,25.68,99.61,60
APT100144,DOC004,Pediatrics,5,9,30,11,10,7,8,11,7,16,113.13,15.03,106.77,150
APT100145,DOC004,Pediatrics,2,15,45,10,9,6,7,10,2,16,109.23,14.53,92.83,135
APT100146,DOC004,Pediatrics,4,12,15,11,10,7,8,11,5,16,147.34,17.51,134.64,150
APT100147,DOC003,Dermatology,0,15,0,7,6,5,5,7,1,12,74.42,13.04,68.66,90
APT100148,DOC002,Cardiology,0,16,15,10,9,6,7,10,6,20,147.74,28.08,144.97,135
APT100149,DOC004,Pediatrics,3,11,15,15,14,9,10,15,3,16,185.99,17.93,178.65,210
APT100150,DOC001,General Medicine,5,15,45,7,6,5,5,7,8,14,97.38,9.54,78.19,90
APT100151,DOC001,General Medicine,0,9,30,13,12,7,10,13,9,14,128.51,10.98,120.63,180
APT100152,DOC001,General Medicine,2,16,15,11,10,8,10,11,8,14,129.83,23.94,123.28,150
APT100153,DOC001,General Medicine,5,14,30,15,14,9,10,15,6,14,151.61,10.63,145.18,210
APT100154,DOC003,Dermatology,2,16,45,3,2,2,4,3,7,12,42.17,14.28,35.8,30
APT100155,DOC001,General Medicine,0,9,30,3,2,2,5,3,2,14,47.66,7.92,31.14,30
APT100156,DOC004,Pediatrics,0,10,45,10,9,7,10,10,10,16,179.95,19.44,192.53,135
APT100157,DOC005,Orthopedics,3,12,0,12,11,9,10,12,4,18,204.65,14.0,170.45,165
APT100158,DOC001,General Medicine,0,12,30,13,12,10,10,13,1,14,189.92,18.18,170.07,180
APT100159,DOC003,Dermatology,5,11,30,15,14,10,13,15,9,12,169.81,5.0,152.74,210
APT100160,DOC003,Dermatology,6,12,0,3,2,1,3,4,6,12,38.82,13.86,52.99,30
APT100161,DOC001,General Medicine,5,10,30,6,5,3,5,6,7,14,65.54,11.14,82.2,75
APT100162,DOC005,Orthopedics,5,12,0,12,11,7,9,12,8,18,159.05,20.08,173.59,165
APT100163,DOC001,General Medicine,3,15,15,15,14,12,14,15,10,14,193.34,9.13,181.3,210
APT100164,DOC003,Dermatology,3,13,45,6,5,4,7,6,10,12,92.69,9.59,101.42,75
APT100165,DOC002,Cardiology,0,9,0,13,12,10,11,13,6,20,221.01,20.21,204.08,180
APT100166,DOC004,Pediatrics,1,12,30,13,12,9,10,13,9,16,182.83,11.5,185.07,180
APT100167,DOC003,Dermatology,1,9,0,3,2,1,3,3,9,12,20.83,10.47,24.01,30
APT100168,DOC001,General Medicine,3,17,30,3,2,2,3,3,7,14,49.12,7.95,30.89,30
APT100169,DOC004,Pediatrics,0,10,15,8,7,5,7,8,8,16,120.45,9.04,115.8,105
APT100170,DOC001,General Medicine,1,14,0,8,7,6,8,8,5,14,106.05,17.4,93.56,105
APT100171,DOC001,General Medicine,0,17,15,7,6,5,5,7,9,14,85.73,10.89,80.99,90
APT100172,DOC002,Cardiology,0,15,45,10,9,7,10,10,1,20,184.39,12.51,168.35,135
APT100173,DOC004,Pediatrics,0,14,30,4,3,2,5,4,1,16,43.75,21.57,49.41,45
APT100174,DOC004,Pediatrics,4,15,30,15,14,11,13,15,3,16,201.44,13.29,199.58,210
APT100175,DOC002,Cardiology,5,17,15,4,3,3,6,4,8,20,69.89,13.0,43.03,45
APT100176,DOC003,Dermatology,0,14,45,3,2,1,2,4,6,12,36.06,14.75,28.48,30
APT100177,DOC001,General Medicine,4,13,0,5,4,3,5,5,1,14,46.82,20.96,65.03,60
APT100178,DOC005,Orthopedics,3,14,0,3,2,2,2,3,7,18,40.98,13.64,52.32,30
APT100179,DOC001,General Medicine,1,13,30,13,12,11,12,13,10,14,202.17,9.63,182.26,180
APT100180,DOC001,General Medicine,5,14,15,8,7,5,5,8,6,14,91.37,7.22,78.42,105
APT100181,DOC003,Dermatology,6,12,15,7,6,5,5,7,8,12,84.73,10.05,85.32,90
APT100182,DOC001,General Medicine,1,11,0,13,12,11,14,13,7,14,191.23,16.19,210.19,180
APT100183,DOC002,Cardiology,5,10,45,3,2,1,4,3,2,20,40.92,18.46,35.41,30
APT100184,DOC002,Cardiology,6,9,45,9,8,5,7,9,0,20,96.94,16.06,90.72,120
APT100185,DOC004,Pediatrics,1,11,0,12,11,8,11,12,1,16,158.34,11.29,176.53,165
APT100186,DOC005,Orthopedics,5,9,0,14,13,9,9,14,1,18,152.36,17.5,120.5,195
APT100187,DOC001,General Medicine,1,13,15,13,12,11,11,13,3,14,184.16,14.69,167.06,180
APT100188,DOC001,General Medicine,1,11,45,5,4,3,4,5,5,14,64.6,11.24,72.59,60
APT100189,DOC003,Dermatology,6,15,0,9,8,8,8,9,3,12,123.38,8.34,107.3,120
APT100190,DOC002,Cardiology,1,9,0,7,6,4,6,7,8,20,86.08,19.98,81.65,90
APT100191,DOC005,Orthopedics,1,11,30,15,14,8,10,15,3,18,181.78,23.08,169.72,210
APT100192,DOC004,Pediatrics,6,14,0,7,6,5,8,7,5,16,114.54,9.58,88.32,90
APT100193,DOC002,Cardiology,3,13,0,6,5,4,7,6,5,20,100.9,19.9,102.88,75
APT100194,DOC004,Pediatrics,0,9,45,2,1,1,4,3,9,16,42.84,19.69,46.34,15
APT100195,DOC003,Dermatology,2,16,15,9,8,7,9,9,10,12,121.33,9.69,93.34,120
APT100196,DOC003,Dermatology,4,16,45,6,5,5,5,6,9,12,81.49,5.0,68.2,75
APT100197,DOC001,General Medicine,2,12,15,8,7,6,9,8,0,14,113.21,16.82,100.94,105
APT100198,DOC005,Orthopedics,2,12,30,1,0,0,1,2,7,18,15.27,31.48,20.55,0
APT100199,DOC004,Pediatrics,5,17,0,5,4,3,6,5,2,16,46.39,16.3,46.85,60
APT100200,DOC002,Cardiology,0,14,30,12,11,10,12,12,5,20,251.09,18.72,240.0,165
APT100201,DOC003,Dermatology,5,13,15,1,0,0,3,4,2,12,19.63,10.54,0.0,0
APT100202,DOC001,General Medicine,0,15,45,10,9,8,8,10,10,14,163.37,21.82,119.87,135
APT100203,DOC001,General Medicine,6,11,45,11,10,7,10,11,1,14,135.86,18.34,124.82,150
APT100204,DOC004,Pediatrics,6,12,30,14,13,10,12,14,4,16,200.41,19.28,180.75,195
APT100205,DOC003,Dermatology,0,11,15,8,7,5,7,8,0,12,96.86,16.73,108.99,105
APT100206,DOC005,Orthopedics,1,15,30,8,7,6,7,8,8,18,128.88,17.5,102.9,105
APT100207,DOC003,Dermatology,3,13,30,1,0,0,2,3,10,12,33.31,12.41,11.34,0
APT100208,DOC004,Pediatrics,1,14,0,9,8,7,8,9,6,16,133.93,17.88,123.06,120
APT100209,DOC004,Pediatrics,3,11,30,2,1,1,1,2,2,16,35.52,17.04,17.38,15
APT100210,DOC003,Dermatology,5,11,0,12,11,8,10,12,3,12,128.78,18.62,109.47,165
APT100211,DOC004,Pediatrics,3,13,0,9,8,5,8,9,5,16,99.47,19.93,98.56,120
APT100212,DOC003,Dermatology,5,14,45,1,0,0,0,4,2,12,4.61,5.82,0.0,0
APT100213,DOC002,Cardiology,6,13,0,12,11,10,13,12,6,20,250.74,20.87,240.0,165
APT100214,DOC003,Dermatology,2,9,0,10,9,5,8,10,5,12,53.19,16.66,77.53,135
APT100215,DOC003,Dermatology,6,15,45,14,13,11,14,14,8,12,161.58,13.13,149.37,195
APT100216,DOC004,Pediatrics,6,9,30,14,13,8,8,14,4,16,127.7,13.24,118.42,195
APT100217,DOC004,Pediatrics,2,17,15,9,8,8,8,9,3,16,122.69,31.51,113.73,120
APT100218,DOC001,General Medicine,3,9,15,4,3,2,4,4,2,14,26.35,6.21,37.97,45
APT100219,DOC001,General Medicine,3,14,15,9,8,6,9,9,9,14,117.9,11.45,81.02,120
APT100220,DOC002,Cardiology,5,10,30,7,6,4,5,7,0,20,116.86,21.11,92.32,90
APT100221,DOC001,General Medicine,1,16,0,11,10,7,9,11,2,14,113.47,17.81,115.79,150
APT100222,DOC003,Dermatology,5,13,15,6,5,4,4,6,2,12,72.69,9.21,51.81,75
APT100223,DOC004,Pediatrics,1,10,30,15,14,12,13,15,6,16,242.25,15.67,240.0,210
APT100224,DOC001,General Medicine,6,12,0,5,4,3,3,5,6,14,72.43,19.45,68.55,60
APT100225,DOC001,General Medicine,2,10,45,11,10,8,9,11,0,14,138.48,16.47,128.66,150
APT100226,DOC002,Cardiology,6,10,15,9,8,6,8,9,2,20,151.5,21.02,143.19,120
APT100227,DOC002,Cardiology,0,16,0,2,1,1,2,3,7,20,51.43,24.59,23.77,15
APT100228,DOC003,Dermatology,3,12,15,14,13,8,10,14,8,12,150.34,14.78,120.04,195
APT100229,DOC004,Pediatrics,1,15,15,13,12,12,12,13,6,16,204.28,20.38,187.06,180
APT100230,DOC002,Cardiology,5,14,15,11,10,8,9,11,6,20,180.71,31.31,176.69,150
APT100231,DOC001,General Medicine,2,14,0,14,13,10,13,14,10,14,158.54,12.65,145.05,195
APT100232,DOC004,Pediatrics,1,10,30,12,11,10,13,12,7,16,216.88,18.42,207.06,165
APT100233,DOC004,Pediatrics,5,11,0,2,1,1,1,2,5,16,33.15,17.9,30.06,15
APT100234,DOC001,General Medicine,3,15,15,11,10,9,10,11,10,14,142.42,17.78,125.66,150
APT100235,DOC002,Cardiology,6,17,0,12,11,9,12,12,2,20,167.87,18.2,170.52,165
APT100236,DOC001,General Medicine,3,11,45,15,14,11,13,15,0,14,199.73,11.7,184.34,210
APT100237,DOC004,Pediatrics,4,11,30,9,8,8,9,9,6,16,172.05,22.6,163.07,120
APT100238,DOC005,Orthopedics,0,13,0,12,11,9,10,12,0,18,219.98,27.73,201.6,165
APT100239,DOC005,Orthopedics,4,17,45,3,2,2,5,3,0,18,41.46,13.22,44.5,30
APT100240,DOC003,Dermatology,2,11,30,8,7,6,8,8,8,12,116.28,10.89,107.6,105
APT100241,DOC001,General Medicine,1,12,45,11,10,7,9,11,9,14,131.72,13.32,129.48,150
APT100242,DOC001,General Medicine,2,16,30,15,14,11,13,15,6,14,174.54,16.18,189.33,210
APT100243,DOC003,Dermatology,6,9,0,9,8,5,6,9,10,12,67.83,13.19,60.43,120
APT100244,DOC003,Dermatology,5,9,45,8,7,4,4,8,3,12,44.22,12.69,49.67,105
APT100245,DOC003,Dermatology,3,14,15,4,3,2,3,4,5,12,38.98,10.93,34.39,45
APT100246,DOC004,Pediatrics,4,16,45,12,11,9,10,12,0,16,164.23,7.4,153.24,165
APT100247,DOC001,General Medicine,4,11,30,1,0,0,3,2,6,14,24.49,11.16,3.19,0
APT100248,DOC004,Pediatrics,6,13,0,4,3,2,2,4,5,16,60.13,19.36,45.31,45
APT100249,DOC003,Dermatology,4,13,30,14,13,10,12,14,3,12,154.39,5.0,143.24,195
APT100250,DOC001,General Medicine,6,13,45,9,8,6,9,9,6,14,120.57,17.45,104.58,120
APT100251,DOC004,Pediatrics,2,14,45,2,1,1,2,2,2,16,23.2,14.52,35.64,15
APT100252,DOC004,Pediatrics,3,13,15,3,2,2,2,4,0,16,45.35,25.74,35.63,30
APT100253,DOC003,Dermatology,1,12,0,10,9,7,9,10,3,12,113.39,8.66,94.82,135
APT100254,DOC001,General Medicine,5,13,0,8,7,7,9,8,2,14,128.44,5.39,118.2,105
APT100255,DOC003,Dermatology,1,13,45,6,5,4,5,6,0,12,68.12,20.25,48.62,75
APT100256,DOC001,General Medicine,2,13,0,8,7,5,7,8,1,14,91.78,20.51,103.17,105
APT100257,DOC005,Orthopedics,5,15,15,7,6,6,8,7,10,18,131.52,19.18,116.79,90
APT100258,DOC002,Cardiology,4,9,30,14,13,9,9,14,4,20,187.9,16.9,157.08,195
APT100259,DOC002,Cardiology,0,15,0,13,12,7,10,13,7,20,189.14,21.46,190.18,180
APT100260,DOC002,Cardiology,2,15,45,13,12,10,10,13,0,20,216.49,17.94,196.82,180
APT100261,DOC003,Dermatology,2,11,30,5,4,3,6,5,3,12,55.34,9.84,62.65,60
APT100262,DOC005,Orthopedics,3,13,30,9,8,7,10,9,3,18,157.09,20.22,146.91,120
APT100263,DOC001,General Medicine,1,12,15,4,3,2,5,4,4,14,48.49,11.32,73.98,45
APT100264,DOC004,Pediatrics,2,11,45,6,5,3,5,6,6,16,77.65,13.15,78.6,75
APT100265,DOC001,General Medicine,2,12,0,2,1,1,1,2,7,14,25.04,10.69,21.99,15
APT100266,DOC004,Pediatrics,4,9,45,15,14,10,12,15,5,16,139.01,8.59,136.98,210
APT100267,DOC001,General Medicine,4,11,30,2,1,1,2,3,0,14,22.41,17.85,20.24,15
APT100268,DOC005,Orthopedics,5,15,45,2,1,1,1,2,6,18,38.05,22.51,20.23,15
APT100269,DOC004,Pediatrics,6,11,0,10,9,7,10,10,2,16,140.89,16.5,161.24,135
APT100270,DOC003,Dermatology,6,15,0,7,6,5,7,7,5,12,88.35,5.0,60.67,90
APT100271,DOC001,General Medicine,0,13,15,13,12,8,10,13,7,14,157.02,17.41,157.98,180
APT100272,DOC001,General Medicine,6,16,0,2,1,1,1,2,6,14,27.26,23.37,19.19,15
APT100273,DOC004,Pediatrics,3,13,0,15,14,10,10,15,9,16,219.62,13.15,188.32,210
APT100274,DOC003,Dermatology,0,9,45,15,14,8,11,15,5,12,110.86,9.91,105.04,210
APT100275,DOC003,Dermatology,5,14,45,12,11,10,13,12,8,12,149.71,13.22,136.28,165
APT100276,DOC005,Orthopedics,4,9,30,15,14,11,12,15,8,18,200.26,27.42,182.1,210
APT100277,DOC003,Dermatology,6,13,15,13,12,10,13,13,0,12,143.64,9.67,153.72,180
APT100278,DOC003,Dermatology,1,16,45,2,1,1,3,2,0,12,21.14,5.92,22.95,15
APT100279,DOC003,Dermatology,4,10,0,15,14,9,10,15,0,12,132.82,15.67,97.95,210
APT100280,DOC002,Cardiology,3,12,30,9,8,6,7,9,7,20,146.16,18.78,146.97,120
APT100281,DOC005,Orthopedics,4,14,45,7,6,5,6,7,9,18,112.19,14.85,86.01,90
APT100282,DOC001,General Medicine,3,16,15,11,10,7,7,11,6,14,124.37,11.95,109.47,150
APT100283,DOC004,Pediatrics,3,14,15,3,2,1,4,3,2,16,32.58,18.66,41.06,30
APT100284,DOC001,General Medicine,3,11,30,3,2,1,2,4,1,14,32.82,19.35,13.24,30
APT100285,DOC005,Orthopedics,5,14,30,7,6,6,6,7,3,18,121.45,16.23,109.96,90
APT100286,DOC004,Pediatrics,3,11,30,5,4,3,3,5,2,16,64.53,18.49,51.89,60
APT100287,DOC005,Orthopedics,3,14,30,10,9,6,7,10,6,18,137.28,14.52,130.53,135
APT100288,DOC003,Dermatology,1,17,30,14,13,12,13,14,9,12,137.72,14.94,130.48,195
APT100289,DOC004,Pediatrics,0,14,0,14,13,10,12,14,7,16,207.8,17.27,213.95,195
APT100290,DOC003,Dermatology,2,15,0,6,5,4,5,6,5,12,66.9,9.34,59.27,75
APT100291,DOC001,General Medicine,0,9,45,13,12,7,9,13,2,14,117.99,19.48,107.96,180
APT100292,DOC001,General Medicine,3,14,15,12,11,8,9,12,5,14,137.84,17.56,123.78,165
APT100293,DOC004,Pediatrics,1,15,0,8,7,6,7,8,1,16,99.89,20.06,107.91,105
APT100294,DOC004,Pediatrics,4,9,0,9,8,6,9,9,6,16,88.49,19.53,81.72,120
APT100295,DOC005,Orthopedics,1,16,0,1,0,0,1,4,10,18,28.05,20.12,13.18,0
APT100296,DOC005,Orthopedics,3,11,45,3,2,1,2,3,9,18,45.58,21.84,33.5,30
APT100297,DOC003,Dermatology,1,14,30,11,10,8,10,11,6,12,112.97,12.72,114.16,150
APT100298,DOC004,Pediatrics,6,15,45,7,6,5,7,7,3,16,102.63,15.56,89.51,90
APT100299,DOC001,General Medicine,1,14,15,6,5,4,7,6,7,14,78.11,13.57,64.38,75
APT100300,DOC005,Orthopedics,3,10,15,7,6,4,5,7,3,18,98.65,18.53,89.69,90
APT100301,DOC005,Orthopedics,5,13,15,8,7,5,6,8,6,18,129.25,18.96,101.2,105
APT100302,DOC001,General Medicine,6,13,15,6,5,3,5,6,3,14,61.23,10.44,40.29,75
APT100303,DOC005,Orthopedics,1,16,0,3,2,2,2,4,4,18,63.06,16.7,45.92,30
APT100304,DOC003,Dermatology,2,12,0,2,1,1,1,3,6,12,28.77,24.01,26.29,15
APT100305,DOC004,Pediatrics,2,12,45,12,11,6,6,12,9,16,140.14,20.46,122.35,165
APT100306,DOC001,General Medicine,1,14,30,7,6,5,7,7,2,14,93.92,12.4,92.01,90
APT100307,DOC004,Pediatrics,5,12,15,12,11,6,8,12,9,16,125.9,17.73,119.03,165
APT100308,DOC005,Orthopedics,4,14,45,12,11,8,8,12,4,18,159.84,16.19,134.01,165
APT100309,DOC005,Orthopedics,3,14,0,12,11,9,9,12,10,18,197.24,19.6,170.43,165
APT100310,DOC001,General Medicine,2,16,0,11,10,10,11,11,2,14,163.38,14.47,142.78,150
APT100311,DOC003,Dermatology,4,13,30,1,0,0,2,1,4,12,16.08,19.83,5.15,0
APT100312,DOC002,Cardiology,1,13,30,3,2,1,3,3,2,20,31.85,20.28,32.8,30
APT100313,DOC001,General Medicine,4,10,30,12,11,8,8,12,10,14,162.21,16.9,133.42,165
APT100314,DOC002,Cardiology,6,10,45,11,10,5,5,11,9,20,148.41,31.51,107.42,150
APT100315,DOC002,Cardiology,0,10,0,4,3,2,5,4,10,20,72.85,22.94,71.13,45
APT100316,DOC003,Dermatology,2,10,0,13,12,8,10,13,6,12,122.25,15.35,114.25,180
APT100317,DOC002,Cardiology,1,14,30,14,13,11,14,14,0,20,235.58,18.7,230.9,195
APT100318,DOC002,Cardiology,3,14,15,1,0,0,1,3,8,20,25.53,22.1,4.97,0
APT100319,DOC003,Dermatology,5,13,30,5,4,2,5,5,8,12,49.21,14.46,59.75,60
APT100320,DOC002,Cardiology,6,15,45,10,9,7,7,10,4,20,162.92,19.16,159.29,135
APT100321,DOC002,Cardiology,1,17,30,3,2,1,3,3,8,20,29.63,16.59,33.4,30
APT100322,DOC002,Cardiology,3,15,30,2,1,1,3,3,9,20,28.16,10.01,21.08,15
APT100323,DOC001,General Medicine,5,14,45,15,14,10,13,15,5,14,156.63,7.14,167.44,210
APT100324,DOC001,General Medicine,5,13,30,3,2,1,4,3,4,14,33.79,10.03,47.99,30
APT100325,DOC001,General Medicine,1,12,0,8,7,6,7,8,2,14,108.5,12.37,101.01,105
APT100326,DOC003,Dermatology,6,10,15,6,5,4,5,6,10,12,73.97,13.46,81.94,75
APT100327,DOC005,Orthopedics,4,12,30,13,12,10,10,13,10,18,220.84,16.7,207.64,180
APT100328,DOC002,Cardiology,4,16,45,14,13,10,10,14,7,20,220.08,8.47,188.89,195
APT100329,DOC002,Cardiology,5,15,15,7,6,5,5,7,3,20,122.2,23.64,95.22,90
APT100330,DOC003,Dermatology,4,11,45,12,11,10,13,12,9,12,171.87,16.17,172.87,165
APT100331,DOC002,Cardiology,0,13,15,6,5,4,7,6,2,20,125.91,27.24,102.87,75
APT100332,DOC001,General Medicine,5,15,15,6,5,5,7,6,5,14,82.49,20.79,81.24,75
APT100333,DOC005,Orthopedics,5,9,30,12,11,7,7,12,7,18,115.42,12.76,109.96,165
APT100334,DOC004,Pediatrics,3,12,0,3,2,2,5,3,8,16,63.96,23.91,52.11,30
APT100335,DOC002,Cardiology,4,15,30,12,11,8,10,12,5,20,184.45,16.29,169.09,165
APT100336,DOC001,General Medicine,6,12,45,13,12,7,7,13,4,14,132.54,16.74,116.93,180
APT100337,DOC004,Pediatrics,5,9,45,14,13,9,10,14,10,16,128.3,6.52,122.09,195
APT100338,DOC005,Orthopedics,6,13,15,8,7,5,6,8,1,18,109.63,21.18,95.24,105
APT100339,DOC004,Pediatrics,0,15,15,12,11,7,10,12,1,16,140.73,22.2,144.29,165
APT100340,DOC001,General Medicine,3,13,0,7,6,5,7,7,8,14,107.5,12.33,105.15,90
APT100341,DOC004,Pediatrics,1,11,30,7,6,4,5,7,1,16,91.23,17.68,85.85,90
APT100342,DOC003,Dermatology,6,12,45,6,5,5,7,6,1,12,82.28,12.53,69.9,75
APT100343,DOC004,Pediatrics,5,13,15,5,4,3,5,5,2,16,71.44,13.14,52.95,60
APT100344,DOC002,Cardiology,0,13,0,10,9,6,7,10,2,20,169.19,19.97,155.87,135
APT100345,DOC002,Cardiology,2,15,45,8,7,6,8,8,3,20,141.12,18.13,140.5,105
APT100346,DOC003,Dermatology,0,10,15,5,4,3,4,5,6,12,70.89,9.57,63.47,60
APT100347,DOC001,General Medicine,0,16,45,9,8,7,10,9,8,14,136.68,22.89,140.04,120
APT100348,DOC002,Cardiology,3,9,0,9,8,6,6,9,1,20,109.32,22.66,106.26,120
APT100349,DOC005,Orthopedics,1,12,0,1,0,0,0,3,3,18,16.23,12.98,8.17,0
APT100350,DOC002,Cardiology,2,9,45,6,5,3,6,6,8,20,71.99,26.17,66.21,75
APT100351,DOC002,Cardiology,4,12,30,7,6,5,6,7,1,20,129.04,23.54,122.82,90
APT100352,DOC001,General Medicine,4,13,45,3,2,1,2,3,9,14,44.11,17.15,24.63,30
APT100353,DOC004,Pediatrics,6,13,15,7,6,5,6,7,10,16,128.2,19.22,91.44,90
APT100354,DOC002,Cardiology,0,10,30,11,10,8,9,11,0,20,217.86,25.21,213.15,150
APT100355,DOC003,Dermatology,3,14,15,11,10,8,11,11,9,12,115.94,11.08,126.05,150
APT100356,DOC004,Pediatrics,3,9,45,7,6,4,4,7,7,16,76.99,17.78,50.83,90
APT100357,DOC005,Orthopedics,4,15,30,14,13,9,11,14,8,18,176.8,13.11,185.37,195
APT100358,DOC001,General Medicine,6,16,15,13,12,11,13,13,6,14,167.75,16.69,183.97,180
APT100359,DOC005,Orthopedics,6,12,45,11,10,4,4,11,7,18,107.11,22.07,89.55,150
APT100360,DOC004,Pediatrics,6,13,45,2,1,1,4,4,3,16,37.63,15.97,26.14,15
APT100361,DOC004,Pediatrics,2,12,30,7,6,5,7,7,3,16,98.74,20.37,103.19,90
APT100362,DOC004,Pediatrics,1,9,45,15,14,9,9,15,1,16,128.92,16.93,121.28,210
APT100363,DOC005,Orthopedics,2,12,0,1,0,0,3,1,7,18,17.9,17.83,14.42,0
APT100364,DOC004,Pediatrics,5,15,15,5,4,3,5,5,10,16,69.55,31.5,69.69,60
APT100365,DOC005,Orthopedics,5,13,15,9,8,4,5,9,1,18,101.65,21.16,73.22,120
APT100366,DOC004,Pediatrics,1,10,45,7,6,4,5,7,8,16,102.15,18.21,71.49,90
APT100367,DOC003,Dermatology,4,15,45,7,6,6,9,7,3,12,87.23,12.12,86.32,90
APT100368,DOC004,Pediatrics,1,13,0,11,10,6,7,11,0,16,117.14,13.04,113.37,150
APT100369,DOC005,Orthopedics,3,15,30,13,12,9,12,13,3,18,169.71,20.03,175.46,180
APT100370,DOC002,Cardiology,5,13,45,12,11,9,9,12,2,20,230.53,18.47,224.4,165
APT100371,DOC004,Pediatrics,0,13,45,2,1,1,1,4,5,16,45.54,14.81,28.17,15
APT100372,DOC002,Cardiology,0,10,45,8,7,7,9,8,6,20,196.35,18.53,197.48,105
APT100373,DOC003,Dermatology,4,10,45,3,2,2,5,3,7,12,54.72,5.0,38.12,30
APT100374,DOC001,General Medicine,3,17,15,15,14,13,15,15,1,14,163.41,12.2,166.19,210
APT100375,DOC003,Dermatology,2,11,45,8,7,5,7,8,5,12,85.74,7.52,76.04,105
APT100376,DOC004,Pediatrics,3,17,15,3,2,2,2,3,5,16,44.25,17.76,30.68,30
APT100377,DOC002,Cardiology,0,13,45,10,9,8,10,10,9,20,227.01,16.65,216.98,135
APT100378,DOC002,Cardiology,0,10,30,7,6,4,5,7,4,20,118.79,23.43,120.35,90
APT100379,DOC005,Orthopedics,5,10,0,2,1,1,3,2,9,18,46.89,21.22,25.35,15
APT100380,DOC002,Cardiology,3,11,30,4,3,2,5,4,9,20,67.78,21.69,44.85,45
APT100381,DOC005,Orthopedics,3,16,45,11,10,8,9,11,6,18,169.8,19.93,154.04,150
APT100382,DOC001,General Medicine,0,12,45,6,5,4,4,6,2,14,100.08,14.81,77.79,75
APT100383,DOC004,Pediatrics,2,12,45,11,10,8,11,11,3,16,157.26,10.09,162.63,150
APT100384,DOC005,Orthopedics,4,12,30,9,8,7,8,9,9,18,158.31,17.1,167.06,120
APT100385,DOC001,General Medicine,6,10,45,5,4,3,6,5,8,14,57.94,12.47,73.86,60
APT100386,DOC002,Cardiology,4,13,30,13,12,10,11,13,3,20,244.11,27.69,232.04,180
APT100387,DOC002,Cardiology,3,10,15,9,8,5,8,9,2,20,124.15,35.73,107.0,120
APT100388,DOC001,General Medicine,4,15,0,15,14,12,15,15,1,14,183.86,16.85,179.1,210
APT100389,DOC002,Cardiology,0,12,0,5,4,3,4,5,4,20,96.63,12.68,96.12,60
APT100390,DOC001,General Medicine,0,12,30,10,9,7,7,10,3,14,131.13,12.32,121.46,135
APT100391,DOC005,Orthopedics,3,13,15,8,7,6,6,8,7,18,133.37,23.86,133.04,105
APT100392,DOC005,Orthopedics,3,12,30,13,12,8,11,13,6,18,187.83,17.44,184.27,180
APT100393,DOC001,General Medicine,6,17,15,13,12,12,15,13,5,14,157.75,11.56,147.16,180
APT100394,DOC005,Orthopedics,6,13,45,1,0,0,0,3,10,18,24.02,22.43,16.96,0
APT100395,DOC005,Orthopedics,5,10,15,7,6,4,4,7,1,18,83.44,12.33,98.5,90
APT100396,DOC005,Orthopedics,3,14,15,4,3,2,4,4,2,18,52.5,15.46,44.24,45
APT100397,DOC003,Dermatology,2,10,15,5,4,3,3,5,9,12,75.59,17.15,39.9,60
APT100398,DOC004,Pediatrics,4,9,0,6,5,3,6,6,8,16,60.35,13.8,55.67,75
APT100399,DOC002,Cardiology,3,17,15,5,4,4,5,5,8,20,79.67,21.16,59.47,60
APT100400,DOC003,Dermatology,1,15,45,12,11,10,10,12,4,12,138.07,5.0,124.84,165
APT100401,DOC005,Orthopedics,5,17,45,1,0,0,2,3,2,18,3.0,24.37,10.71,0
APT100402,DOC001,General Medicine,1,13,45,12,11,11,13,12,1,14,196.54,11.6,200.86,165
APT100403,DOC005,Orthopedics,0,13,15,9,8,6,8,9,7,18,162.87,19.13,151.42,120
APT100404,DOC004,Pediatrics,6,10,30,2,1,1,2,4,5,16,24.88,17.42,31.91,15
APT100405,DOC005,Orthopedics,4,11,30,9,8,4,4,9,9,18,105.9,12.53,80.91,120
APT100406,DOC001,General Medicine,3,15,45,10,9,6,6,10,10,14,112.92,15.47,90.32,135
APT100407,DOC004,Pediatrics,1,12,0,2,1,1,1,4,6,16,36.55,23.98,10.49,15
APT100408,DOC005,Orthopedics,4,15,30,9,8,7,8,9,0,18,136.19,23.57,129.17,120
APT100409,DOC004,Pediatrics,0,14,15,6,5,3,4,6,0,16,57.31,22.28,55.78,75
APT100410,DOC002,Cardiology,6,10,30,11,10,9,12,11,9,20,235.9,21.4,229.84,150
APT100411,DOC002,Cardiology,2,13,45,9,8,6,8,9,1,20,145.58,21.1,140.47,120
APT100412,DOC005,Orthopedics,5,14,0,13,12,10,12,13,9,18,191.06,31.77,198.58,180
APT100413,DOC004,Pediatrics,4,11,30,6,5,5,5,6,2,16,103.24,22.07,90.57,75
APT100414,DOC001,General Medicine,4,15,30,6,5,5,6,6,0,14,87.87,9.48,70.83,75
APT100415,DOC005,Orthopedics,2,13,45,13,12,10,11,13,4,18,221.12,17.41,211.11,180
APT100416,DOC002,Cardiology,4,10,0,11,10,8,8,11,2,20,209.81,18.72,183.54,150
APT100417,DOC002,Cardiology,0,13,0,14,13,11,11,14,0,20,295.5,22.2,240.0,195
APT100418,DOC005,Orthopedics,0,17,45,2,1,1,4,3,7,18,38.83,13.15,32.51,15
APT100419,DOC004,Pediatrics,2,10,15,8,7,5,7,8,10,16,117.9,15.51,106.35,105
APT100420,DOC002,Cardiology,5,15,30,3,2,2,4,3,5,20,57.12,29.64,50.49,30
APT100421,DOC004,Pediatrics,3,11,15,7,6,4,6,7,8,16,95.36,21.35,83.26,90
APT100422,DOC002,Cardiology,1,15,30,5,4,3,6,5,2,20,71.56,10.14,70.92,60
APT100423,DOC002,Cardiology,3,14,30,3,2,2,2,3,8,20,65.64,25.71,64.46,30
APT100424,DOC003,Dermatology,4,11,15,1,0,0,0,2,8,12,17.21,14.93,0.02,0
APT100425,DOC002,Cardiology,1,12,45,8,7,5,7,8,0,20,118.02,18.39,119.11,105
APT100426,DOC001,General Medicine,2,15,45,3,2,1,3,4,2,14,18.9,17.32,19.8,30
APT100427,DOC005,Orthopedics,2,13,30,2,1,1,4,3,5,18,53.87,11.64,35.47,15
APT100428,DOC005,Orthopedics,5,14,45,1,0,0,1,1,7,18,23.39,18.53,6.94,0
APT100429,DOC004,Pediatrics,1,10,30,4,3,2,3,4,3,16,54.51,23.95,47.03,45
APT100430,DOC002,Cardiology,0,15,45,13,12,11,13,13,4,20,262.33,20.89,240.0,180
APT100431,DOC001,General Medicine,1,14,30,8,7,6,9,8,8,14,111.16,6.5,112.85,105
APT100432,DOC004,Pediatrics,4,16,45,13,12,11,13,13,5,16,195.5,14.53,192.26,180
APT100433,DOC003,Dermatology,0,10,0,3,2,1,2,3,6,12,39.6,14.59,14.08,30
APT100434,DOC004,Pediatrics,6,13,15,14,13,9,11,14,6,16,178.92,21.9,155.67,195
APT100435,DOC004,Pediatrics,6,13,0,1,0,0,1,2,3,16,16.78,16.49,0.0,0
APT100436,DOC002,Cardiology,6,12,15,4,3,2,3,4,3,20,58.59,17.15,50.49,45
APT100437,DOC003,Dermatology,2,13,15,9,8,7,8,9,3,12,106.69,21.0,130.35,120
APT100438,DOC004,Pediatrics,1,9,30,13,12,9,9,13,10,16,147.54,15.8,130.88,180
APT100439,DOC001,General Medicine,6,14,15,1,0,0,0,4,4,14,4.6,11.52,0.0,0
APT100440,DOC001,General Medicine,3,13,0,12,11,9,11,12,4,14,165.82,15.5,145.56,165
APT100441,DOC005,Orthopedics,5,9,0,14,13,8,9,14,7,18,143.59,21.54,129.9,195
APT100442,DOC003,Dermatology,3,14,45,11,10,7,7,11,8,12,100.64,13.53,94.49,150
APT100443,DOC003,Dermatology,6,13,0,2,1,1,3,2,1,12,20.45,13.76,11.22,15
APT100444,DOC005,Orthopedics,5,9,45,9,8,4,6,9,10,18,79.64,12.82,72.32,120
APT100445,DOC004,Pediatrics,4,17,15,2,1,1,3,2,6,16,30.77,14.28,18.75,15
APT100446,DOC003,Dermatology,3,16,0,13,12,11,13,13,0,12,143.17,15.32,133.88,180
APT100447,DOC001,General Medicine,1,13,15,3,2,2,4,3,0,14,45.96,10.98,42.58,30
APT100448,DOC001,General Medicine,1,10,0,7,6,4,7,7,3,14,92.26,22.45,87.88,90
APT100449,DOC002,Cardiology,3,15,0,3,2,2,3,3,9,20,59.81,18.68,58.11,30
APT100450,DOC003,Dermatology,6,13,45,9,8,6,8,9,6,12,91.13,16.61,101.96,120
APT100451,DOC004,Pediatrics,1,11,15,6,5,4,7,6,1,16,91.64,16.34,81.69,75
APT100452,DOC005,Orthopedics,4,13,0,3,2,2,3,4,10,18,80.09,22.34,62.09,30
APT100453,DOC005,Orthopedics,0,13,30,9,8,6,6,9,1,18,154.25,21.76,141.08,120
APT100454,DOC004,Pediatrics,6,13,15,1,0,0,2,1,0,16,3.19,14.57,10.51,0
APT100455,DOC002,Cardiology,4,12,15,10,9,6,9,10,9,20,162.21,23.3,153.61,135
APT100456,DOC005,Orthopedics,5,14,15,3,2,1,1,3,1,18,21.57,10.75,14.36,30
APT100457,DOC003,Dermatology,4,16,45,1,0,0,3,1,6,12,22.74,15.21,16.9,0
APT100458,DOC002,Cardiology,6,12,30,2,1,1,2,3,8,20,37.25,19.81,58.82,15
APT100459,DOC003,Dermatology,5,14,15,12,11,9,10,12,5,12,124.86,8.37,117.3,165
APT100460,DOC001,General Medicine,6,16,0,8,7,6,6,8,9,14,101.21,19.44,86.99,105
APT100461,DOC002,Cardiology,1,13,0,7,6,5,8,7,1,20,128.06,12.34,117.16,90
APT100462,DOC005,Orthopedics,0,12,45,2,1,1,3,4,9,18,48.59,18.19,37.38,15
APT100463,DOC002,Cardiology,6,14,0,2,1,1,3,3,9,20,44.2,20.42,52.88,15
APT100464,DOC002,Cardiology,6,13,15,9,8,6,6,9,8,20,161.62,23.45,141.22,120
APT100465,DOC002,Cardiology,1,15,0,13,12,11,11,13,6,20,235.73,17.59,231.18,180
APT100466,DOC002,Cardiology,2,13,15,13,12,10,10,13,10,20,260.89,20.74,231.71,180
APT100467,DOC003,Dermatology,1,17,0,6,5,5,8,6,0,12,58.66,13.26,61.44,75
APT100468,DOC001,General Medicine,5,9,30,5,4,3,5,5,8,14,46.38,6.51,52.14,60
APT100469,DOC004,Pediatrics,1,9,45,10,9,6,8,10,1,16,106.49,14.33,82.99,135
APT100470,DOC002,Cardiology,1,14,45,6,5,4,6,6,3,20,98.86,22.32,83.21,75
APT100471,DOC005,Orthopedics,0,11,30,9,8,6,6,9,8,18,163.03,18.32,164.27,120
APT100472,DOC002,Cardiology,1,11,30,11,10,7,9,11,3,20,186.22,23.47,183.56,150
APT100473,DOC005,Orthopedics,6,12,45,7,6,5,6,7,2,18,130.21,21.85,120.23,90
APT100474,DOC003,Dermatology,0,11,30,15,14,11,11,15,0,12,179.28,13.76,175.45,210
APT100475,DOC005,Orthopedics,3,9,15,10,9,6,8,10,6,18,109.43,16.83,104.98,135
APT100476,DOC004,Pediatrics,2,17,0,10,9,8,11,10,5,16,115.88,14.3,131.4,135
APT100477,DOC001,General Medicine,0,11,45,14,13,8,8,14,9,14,169.97,19.93,154.53,195
APT100478,DOC005,Orthopedics,5,14,30,9,8,7,8,9,3,18,141.05,23.48,138.91,120
APT100479,DOC005,Orthopedics,3,15,15,4,3,2,3,4,5,18,54.81,12.5,31.48,45
APT100480,DOC001,General Medicine,0,16,45,2,1,1,4,2,5,14,37.29,15.7,25.43,15
APT100481,DOC004,Pediatrics,0,9,30,12,11,8,11,12,3,16,142.38,15.69,125.9,165
APT100482,DOC002,Cardiology,2,16,45,8,7,4,4,8,5,20,100.06,20.84,94.98,105
APT100483,DOC005,Orthopedics,6,13,30,4,3,3,3,4,9,18,78.87,16.1,46.4,45
APT100484,DOC001,General Medicine,5,14,45,13,12,11,12,13,10,14,174.51,15.81,161.32,180
APT100485,DOC003,Dermatology,4,14,15,9,8,5,8,9,7,12,77.06,19.46,52.2,120
APT100486,DOC001,General Medicine,4,15,15,15,14,14,14,15,2,14,210.42,8.34,188.94,210
APT100487,DOC003,Dermatology,0,12,0,15,14,14,15,15,3,12,238.96,10.31,211.89,210
APT100488,DOC004,Pediatrics,1,14,45,4,3,2,5,4,9,16,47.06,12.12,62.04,45
APT100489,DOC002,Cardiology,5,13,0,15,14,10,11,15,0,20,237.8,35.62,236.98,210
APT100490,DOC001,General Medicine,3,15,45,8,7,7,9,8,3,14,120.55,11.17,100.4,105
APT100491,DOC005,Orthopedics,1,17,30,9,8,7,10,9,10,18,125.0,21.42,127.27,120
APT100492,DOC004,Pediatrics,1,11,30,13,12,9,9,13,9,16,193.84,10.29,171.32,180
APT100493,DOC001,General Medicine,5,17,0,9,8,8,8,9,9,14,113.02,9.51,100.33,120
APT100494,DOC005,Orthopedics,6,10,45,10,9,6,8,10,8,18,149.49,13.48,125.66,135
APT100495,DOC001,General Medicine,0,9,0,4,3,2,5,4,7,14,44.63,9.82,34.63,45
APT100496,DOC003,Dermatology,0,9,15,1,0,0,1,2,10,12,27.67,15.03,5.08,0
APT100497,DOC001,General Medicine,0,12,0,15,14,10,10,15,3,14,185.08,11.49,178.75,210
APT100498,DOC001,General Medicine,0,14,0,3,2,2,4,4,6,14,50.11,11.07,46.24,30
APT100499,DOC001,General Medicine,4,9,30,9,8,4,6,9,9,14,68.48,18.37,70.11,120
APT100500,DOC004,Pediatrics,0,9,0,4,3,2,5,4,2,16,46.98,21.56,45.91,45
APT100501,DOC001,General Medicine,4,16,45,5,4,3,6,5,8,14,74.41,19.63,37.1,60
APT100502,DOC005,Orthopedics,4,15,30,7,6,4,4,7,9,18,93.26,22.67,83.14,90
APT100503,DOC003,Dermatology,6,15,0,5,4,3,5,5,3,12,61.0,11.96,33.5,60
APT100504,DOC003,Dermatology,0,16,15,4,3,3,4,4,1,12,49.12,9.34,35.9,45
APT100505,DOC001,General Medicine,2,14,0,15,14,11,13,15,9,14,188.94,11.2,165.1,210
APT100506,DOC004,Pediatrics,3,10,0,2,1,1,2,2,4,16,41.36,18.22,20.74,15
APT100507,DOC004,Pediatrics,1,12,0,15,14,10,11,15,1,16,189.63,13.91,177.14,210
APT100508,DOC005,Orthopedics,4,14,30,2,1,1,1,2,9,18,43.07,9.88,26.79,15
APT100509,DOC001,General Medicine,5,11,45,13,12,9,11,13,5,14,163.13,20.46,143.18,180
APT100510,DOC003,Dermatology,5,14,15,13,12,10,11,13,10,12,150.78,25.28,138.8,180
APT100511,DOC004,Pediatrics,3,9,0,4,3,2,5,4,9,16,44.44,17.02,58.1,45
APT100512,DOC001,General Medicine,5,11,45,10,9,6,7,10,0,14,105.04,19.24,87.04,135
APT100513,DOC004,Pediatrics,2,13,45,13,12,11,14,13,5,16,230.44,16.25,215.05,180
APT100514,DOC004,Pediatrics,5,14,30,10,9,6,9,10,3,16,111.15,9.31,87.74,135
APT100515,DOC003,Dermatology,1,13,15,13,12,9,11,13,2,12,143.75,14.97,129.86,180
APT100516,DOC002,Cardiology,1,14,30,15,14,11,14,15,1,20,233.86,21.65,237.24,210
APT100517,DOC005,Orthopedics,4,9,45,9,8,5,6,9,6,18,103.37,16.94,87.12,120
APT100518,DOC005,Orthopedics,0,10,45,8,7,5,8,8,8,18,136.4,21.7,139.29,105
APT100519,DOC003,Dermatology,6,15,45,3,2,1,3,3,2,12,20.42,17.23,28.88,30
APT100520,DOC004,Pediatrics,2,14,30,15,14,12,12,15,5,16,223.31,11.91,219.45,210
APT100521,DOC001,General Medicine,4,10,15,14,13,7,8,14,8,14,133.1,12.42,141.44,195
APT100522,DOC004,Pediatrics,2,15,0,9,8,7,8,9,1,16,136.49,11.1,112.11,120
APT100523,DOC003,Dermatology,0,11,30,14,13,9,11,14,6,12,166.74,13.05,135.54,195
APT100524,DOC005,Orthopedics,5,13,45,5,4,3,5,5,4,18,78.16,12.9,69.78,60
APT100525,DOC004,Pediatrics,5,10,30,11,10,6,8,11,4,16,114.75,13.72,112.49,150
APT100526,DOC005,Orthopedics,6,14,45,3,2,2,4,4,10,18,60.58,12.94,55.21,30
APT100527,DOC001,General Medicine,0,14,0,5,4,3,4,5,6,14,69.43,13.19,45.68,60
APT100528,DOC005,Orthopedics,4,11,0,13,12,7,7,13,8,18,176.52,11.36,149.47,180
APT100529,DOC005,Orthopedics,6,15,15,10,9,8,11,10,3,18,171.92,23.08,169.43,135
APT100530,DOC002,Cardiology,0,12,45,13,12,8,11,13,8,20,225.61,18.42,215.94,180
APT100531,DOC002,Cardiology,3,11,15,4,3,2,2,4,10,20,78.51,20.95,46.69,45
APT100532,DOC002,Cardiology,1,10,15,8,7,5,5,8,9,20,145.49,33.48,136.74,105
APT100533,DOC005,Orthopedics,6,11,0,13,12,9,9,13,8,18,217.17,25.17,173.87,180
APT100534,DOC003,Dermatology,6,9,30,12,11,9,11,12,3,12,106.89,16.9,97.11,165
APT100535,DOC005,Orthopedics,4,13,30,5,4,3,4,5,2,18,62.41,19.37,67.81,60
APT100536,DOC003,Dermatology,2,15,15,10,9,7,8,10,1,12,95.63,11.13,88.28,135
APT100537,DOC003,Dermatology,3,13,0,12,11,8,9,12,8,12,125.83,11.87,119.83,165
APT100538,DOC002,Cardiology,4,11,45,8,7,6,8,8,1,20,148.7,19.51,152.08,105
APT100539,DOC004,Pediatrics,0,9,30,9,8,6,7,9,5,16,116.8,7.92,98.76,120
APT100540,DOC001,General Medicine,0,11,15,4,3,2,4,4,4,14,57.04,16.46,45.44,45
APT100541,DOC002,Cardiology,0,12,30,7,6,4,5,7,4,20,129.24,15.9,105.48,90
APT100542,DOC002,Cardiology,0,15,30,2,1,1,1,2,3,20,41.0,20.4,19.98,15
APT100543,DOC004,Pediatrics,2,11,45,6,5,4,7,6,5,16,83.25,21.65,100.95,75
APT100544,DOC001,General Medicine,3,14,0,8,7,5,8,8,4,14,69.11,13.93,79.36,105
APT100545,DOC005,Orthopedics,5,15,45,12,11,10,12,12,10,18,208.64,11.0,202.72,165
APT100546,DOC005,Orthopedics,1,13,0,7,6,4,5,7,3,18,96.78,16.78,88.36,90
APT100547,DOC002,Cardiology,2,15,30,7,6,5,8,7,8,20,116.28,25.72,114.4,90
APT100548,DOC001,General Medicine,2,13,15,8,7,4,4,8,5,14,71.26,11.8,76.69,105
APT100549,DOC002,Cardiology,5,14,45,7,6,4,4,7,10,20,100.46,24.96,82.39,90
APT100550,DOC003,Dermatology,5,13,0,5,4,4,4,5,9,12,79.1,5.0,68.16,60
APT100551,DOC002,Cardiology,1,13,30,7,6,5,7,7,9,20,144.79,32.77,134.05,90
APT100552,DOC002,Cardiology,1,11,0,13,12,9,11,13,9,20,233.25,21.19,218.03,180
APT100553,DOC005,Orthopedics,5,11,0,14,13,8,9,14,2,18,190.54,15.75,171.59,195
APT100554,DOC005,Orthopedics,0,11,0,10,9,7,7,10,9,18,181.6,11.73,175.16,135
APT100555,DOC005,Orthopedics,2,13,30,3,2,2,3,3,5,18,66.38,19.52,62.19,30
APT100556,DOC003,Dermatology,4,10,15,5,4,2,3,5,0,12,38.67,13.71,41.61,60
APT100557,DOC005,Orthopedics,1,16,15,7,6,4,4,7,4,18,93.66,15.94,79.16,90
APT100558,DOC001,General Medicine,1,14,15,15,14,10,11,15,9,14,162.3,12.86,143.94,210
APT100559,DOC004,Pediatrics,5,12,0,9,8,6,9,9,5,16,136.56,11.93,149.6,120
APT100560,DOC001,General Medicine,3,10,30,15,14,10,12,15,10,14,189.72,16.34,160.7,210
APT100561,DOC001,General Medicine,4,16,0,2,1,1,2,2,7,14,29.2,10.66,31.09,15
APT100562,DOC005,Orthopedics,4,15,15,4,3,3,3,4,10,18,79.0,28.71,67.45,45
APT100563,DOC004,Pediatrics,1,14,15,12,11,8,10,12,8,16,150.0,14.64,133.57,165
APT100564,DOC004,Pediatrics,0,11,30,7,6,4,6,7,10,16,115.02,16.21,100.18,90
APT100565,DOC004,Pediatrics,3,12,0,1,0,0,1,2,2,16,5.78,19.39,6.37,0
APT100566,DOC003,Dermatology,4,10,45,13,12,6,9,13,1,12,94.83,5.15,107.67,180
APT100567,DOC005,Orthopedics,1,11,45,2,1,1,2,4,3,18,39.08,11.62,21.3,15
APT100568,DOC004,Pediatrics,4,15,15,9,8,7,10,9,7,16,134.15,19.85,126.54,120
APT100569,DOC003,Dermatology,6,14,30,13,12,9,11,13,10,12,143.59,5.02,101.69,180
APT100570,DOC002,Cardiology,3,13,0,10,9,7,8,10,7,20,188.21,11.5,185.16,135
APT100571,DOC002,Cardiology,3,16,0,7,6,6,6,7,2,20,134.83,27.35,112.57,90
APT100572,DOC003,Dermatology,6,13,15,12,11,9,10,12,3,12,141.11,7.01,134.18,165
APT100573,DOC003,Dermatology,2,13,15,10,9,7,10,10,2,12,112.5,13.56,109.24,135
APT100574,DOC005,Orthopedics,6,12,0,7,6,5,8,7,9,18,131.48,20.93,124.0,90
APT100575,DOC005,Orthopedics,5,16,0,6,5,5,6,6,1,18,90.06,6.22,103.41,75
APT100576,DOC002,Cardiology,5,10,15,3,2,1,4,3,3,20,36.5,22.09,55.76,30
APT100577,DOC004,Pediatrics,1,16,0,10,9,7,9,10,5,16,120.65,19.04,126.89,135
APT100578,DOC002,Cardiology,3,15,45,3,2,2,3,3,10,20,73.75,21.63,58.01,30
APT100579,DOC004,Pediatrics,2,10,15,2,1,1,4,2,10,16,44.93,18.41,43.86,15
APT100580,DOC004,Pediatrics,2,13,0,11,10,8,9,11,4,16,162.81,16.39,164.85,150
APT100581,DOC005,Orthopedics,4,15,15,6,5,4,5,6,2,18,92.2,25.48,75.14,75
APT100582,DOC001,General Medicine,4,13,30,4,3,2,2,4,1,14,47.51,12.18,44.22,45
APT100583,DOC001,General Medicine,6,16,15,5,4,3,4,5,8,14,56.06,9.41,63.6,60
APT100584,DOC003,Dermatology,2,16,15,3,2,1,1,3,0,12,21.34,5.03,20.94,30
APT100585,DOC005,Orthopedics,6,12,30,6,5,4,7,6,8,18,104.03,10.53,94.84,75
APT100586,DOC004,Pediatrics,6,12,45,11,10,8,8,11,0,16,145.47,23.53,145.46,150
APT100587,DOC001,General Medicine,4,16,0,12,11,10,10,12,6,14,156.21,7.41,148.17,165
APT100588,DOC004,Pediatrics,3,14,30,3,2,2,2,3,5,16,48.16,19.95,25.04,30
APT100589,DOC001,General Medicine,6,10,15,14,13,11,13,14,6,14,196.43,13.58,204.37,195
APT100590,DOC001,General Medicine,0,9,0,15,14,10,10,15,2,14,138.43,13.2,134.81,210
APT100591,DOC001,General Medicine,3,13,30,14,13,10,11,14,2,14,182.75,20.4,167.55,195
APT100592,DOC005,Orthopedics,2,16,0,8,7,5,5,8,10,18,115.09,13.08,92.26,105
APT100593,DOC002,Cardiology,2,15,0,9,8,8,9,9,0,20,173.06,19.67,150.86,120
APT100594,DOC004,Pediatrics,6,14,30,4,3,2,2,4,3,16,49.36,18.06,29.85,45
APT100595,DOC005,Orthopedics,3,10,0,15,14,10,12,15,1,18,213.45,20.01,217.9,210
APT100596,DOC005,Orthopedics,4,11,45,9,8,6,9,9,9,18,152.5,30.42,151.25,120
APT100597,DOC005,Orthopedics,4,16,30,12,11,10,10,12,7,18,200.71,9.14,184.24,165
APT100598,DOC005,Orthopedics,5,11,45,7,6,4,4,7,2,18,90.38,23.54,87.3,90
APT100599,DOC005,Orthopedics,2,11,15,3,2,1,3,3,6,18,45.19,18.56,31.76,30
APT100600,DOC003,Dermatology,1,10,0,7,6,4,4,7,6,12,86.04,12.14,66.78,90
APT100601,DOC004,Pediatrics,5,14,15,14,13,8,9,14,8,16,156.75,21.7,150.66,195
APT100602,DOC005,Orthopedics,4,16,15,1,0,0,0,3,5,18,23.26,8.42,10.19,0
APT100603,DOC004,Pediatrics,3,11,0,3,2,1,1,3,0,16,25.52,14.5,26.98,30
APT100604,DOC003,Dermatology,4,13,30,6,5,5,8,6,7,12,79.81,6.8,90.14,75
APT100605,DOC003,Dermatology,3,14,0,4,3,3,6,4,0,12,56.75,16.32,34.87,45
APT100606,DOC004,Pediatrics,5,17,15,7,6,5,5,7,2,16,92.78,10.02,60.35,90
APT100607,DOC001,General Medicine,2,10,15,14,13,8,10,14,10,14,166.32,13.94,147.38,195
APT100608,DOC002,Cardiology,4,13,30,3,2,2,5,3,4,20,60.83,14.8,60.83,30
APT100609,DOC001,General Medicine,6,12,0,1,0,0,0,3,7,14,14.06,12.6,12.08,0
APT100610,DOC001,General Medicine,3,15,15,9,8,7,10,9,8,14,113.62,14.69,129.73,120
APT100611,DOC001,General Medicine,2,13,45,15,14,14,14,15,6,14,233.64,11.26,231.24,210
APT100612,DOC005,Orthopedics,1,10,15,6,5,3,6,6,8,18,84.97,15.88,95.63,75
APT100613,DOC003,Dermatology,3,14,15,8,7,5,8,8,10,12,96.44,26.58,81.25,105
APT100614,DOC001,General Medicine,5,15,30,3,2,2,3,3,2,14,40.05,11.77,26.56,30
APT100615,DOC003,Dermatology,1,9,45,8,7,4,4,8,4,12,55.72,5.0,43.27,105
APT100616,DOC004,Pediatrics,1,15,15,2,1,1,1,3,9,16,48.51,13.18,17.01,15
APT100617,DOC002,Cardiology,0,11,15,12,11,9,9,12,7,20,251.27,14.69,240.0,165
APT100618,DOC004,Pediatrics,4,13,45,4,3,2,2,4,0,16,61.77,17.96,44.3,45
APT100619,DOC004,Pediatrics,3,12,0,3,2,2,5,3,7,16,72.8,20.04,61.98,30
APT100620,DOC005,Orthopedics,1,14,0,10,9,7,8,10,6,18,145.84,20.74,146.55,135
APT100621,DOC002,Cardiology,0,12,15,1,0,0,1,1,0,20,7.96,20.75,0.0,0
APT100622,DOC004,Pediatrics,5,15,15,15,14,11,13,15,9,16,206.96,13.25,194.78,210
APT100623,DOC004,Pediatrics,2,14,0,13,12,11,11,13,9,16,199.65,15.38,174.37,180
APT100624,DOC002,Cardiology,6,14,30,13,12,10,12,13,5,20,212.7,17.85,210.41,180
APT100625,DOC002,Cardiology,6,15,45,7,6,5,8,7,0,20,120.57,23.47,108.58,90
APT100626,DOC004,Pediatrics,3,15,45,11,10,9,11,11,1,16,166.44,20.55,161.1,150
APT100627,DOC002,Cardiology,1,9,30,10,9,6,6,10,4,20,115.89,20.49,104.04,135
APT100628,DOC004,Pediatrics,6,12,30,2,1,1,2,2,1,16,21.94,15.45,36.54,15
APT100629,DOC004,Pediatrics,4,16,30,4,3,3,4,4,9,16,62.91,17.46,53.73,45
APT100630,DOC005,Orthopedics,6,10,30,9,8,6,6,9,0,18,135.48,22.49,131.4,120
APT100631,DOC001,General Medicine,6,14,30,6,5,4,7,6,5,14,70.42,16.09,73.11,75
APT100632,DOC004,Pediatrics,6,17,30,8,7,6,6,8,7,16,95.61,21.02,73.5,105
APT100633,DOC003,Dermatology,0,9,45,2,1,1,4,2,7,12,37.74,9.58,20.18,15
APT100634,DOC001,General Medicine,1,14,30,7,6,5,6,7,7,14,96.21,10.74,79.09,90
APT100635,DOC001,General Medicine,4,13,0,6,5,4,7,6,10,14,100.91,8.5,96.12,75
APT100636,DOC001,General Medicine,1,13,30,13,12,9,9,13,5,14,156.55,16.2,153.21,180
APT100637,DOC005,Orthopedics,3,10,30,14,13,9,9,14,10,18,210.49,9.54,180.84,195
APT100638,DOC004,Pediatrics,3,9,45,9,8,5,5,9,2,16,83.71,16.13,66.63,120
APT100639,DOC005,Orthopedics,3,14,45,7,6,5,8,7,0,18,104.54,16.17,117.75,90
APT100640,DOC004,Pediatrics,5,15,30,1,0,0,3,3,1,16,21.77,20.16,12.77,0
APT100641,DOC005,Orthopedics,6,15,45,14,13,12,15,14,4,18,238.62,14.89,228.3,195
APT100642,DOC005,Orthopedics,5,13,15,8,7,4,5,8,9,18,120.94,18.39,100.22,105
APT100643,DOC003,Dermatology,0,10,45,11,10,6,8,11,4,12,114.78,10.62,108.28,150
APT100644,DOC005,Orthopedics,3,14,45,10,9,7,9,10,9,18,158.52,21.88,136.3,135
APT100645,DOC002,Cardiology,4,11,45,15,14,8,8,15,0,20,192.14,16.91,185.75,210
APT100646,DOC003,Dermatology,1,16,45,3,2,2,3,3,0,12,34.18,15.13,25.38,30
APT100647,DOC005,Orthopedics,6,15,0,14,13,10,13,14,8,18,211.1,16.82,202.1,195
APT100648,DOC001,General Medicine,2,14,0,2,1,1,1,2,1,14,36.61,15.99,16.39,15
APT100649,DOC002,Cardiology,4,16,0,12,11,9,10,12,6,20,206.94,22.19,197.01,165
APT100650,DOC002,Cardiology,6,9,30,3,2,1,1,3,9,20,35.22,21.71,17.46,30
APT100651,DOC002,Cardiology,5,14,30,11,10,8,9,11,3,20,186.76,12.04,160.54,150
APT100652,DOC003,Dermatology,5,12,15,6,5,4,5,6,6,12,60.26,9.86,73.63,75
APT100653,DOC005,Orthopedics,4,16,0,13,12,10,12,13,7,18,193.32,18.8,192.18,180
APT100654,DOC005,Orthopedics,5,11,30,14,13,10,10,14,4,18,228.6,18.85,208.96,195
APT100655,DOC001,General Medicine,3,14,45,3,2,2,5,3,0,14,38.26,18.32,36.18,30
APT100656,DOC001,General Medicine,0,16,45,10,9,7,9,10,3,14,132.35,27.32,134.65,135
APT100657,DOC002,Cardiology,1,9,0,5,4,3,5,5,9,20,70.25,20.61,58.97,60
APT100658,DOC001,General Medicine,0,12,15,6,5,3,6,6,2,14,73.15,24.74,69.26,75
APT100659,DOC003,Dermatology,6,15,15,8,7,6,7,8,9,12,90.3,9.31,90.91,105
APT100660,DOC005,Orthopedics,1,13,45,7,6,4,7,7,4,18,103.89,18.56,107.88,90
APT100661,DOC002,Cardiology,1,11,15,14,13,11,11,14,9,20,284.79,30.32,240.0,195
APT100662,DOC001,General Medicine,0,11,0,11,10,7,10,11,9,14,161.69,24.23,170.7,150
APT100663,DOC003,Dermatology,4,10,45,8,7,6,7,8,5,12,115.61,11.92,93.42,105
APT100664,DOC003,Dermatology,1,15,30,3,2,2,5,3,1,12,37.23,11.72,27.33,30
APT100665,DOC001,General Medicine,0,13,30,4,3,2,3,4,6,14,60.42,9.89,51.75,45
APT100666,DOC005,Orthopedics,1,9,15,6,5,4,5,6,2,18,60.94,23.71,63.32,75
APT100667,DOC001,General Medicine,2,12,45,11,10,8,8,11,0,14,135.6,9.29,131.1,150
APT100668,DOC002,Cardiology,4,12,45,7,6,4,7,7,9,20,115.83,14.96,110.64,90
APT100669,DOC001,General Medicine,3,11,30,9,8,6,9,9,2,14,117.78,9.03,110.51,120
APT100670,DOC003,Dermatology,1,12,45,13,12,8,8,13,8,12,129.64,12.58,110.25,180
APT100671,DOC001,General Medicine,2,12,45,1,0,0,1,1,9,14,30.95,11.45,22.95,0
APT100672,DOC005,Orthopedics,3,12,45,13,12,9,12,13,10,18,212.88,15.06,190.17,180
APT100673,DOC004,Pediatrics,3,14,15,15,14,10,10,15,10,16,185.96,13.44,159.82,210
APT100674,DOC001,General Medicine,6,11,45,8,7,4,5,8,5,14,84.9,18.57,76.42,105
APT100675,DOC005,Orthopedics,1,14,0,8,7,7,7,8,10,18,149.78,17.08,148.78,105
APT100676,DOC005,Orthopedics,0,13,15,6,5,4,7,6,5,18,109.8,18.32,108.09,75
APT100677,DOC003,Dermatology,1,13,45,4,3,2,2,4,3,12,31.27,12.9,37.6,45
APT100678,DOC005,Orthopedics,2,14,45,3,2,2,4,3,7,18,54.66,20.8,57.38,30
APT100679,DOC005,Orthopedics,3,13,0,11,10,6,7,11,4,18,137.85,25.29,142.23,150
APT100680,DOC005,Orthopedics,1,16,15,3,2,1,3,4,6,18,32.99,14.41,27.56,30
APT100681,DOC005,Orthopedics,0,14,30,6,5,5,7,6,8,18,129.95,10.76,105.75,75
APT100682,DOC002,Cardiology,6,13,30,13,12,10,11,13,4,20,251.39,22.44,216.41,180
APT100683,DOC002,Cardiology,1,15,15,8,7,6,7,8,10,20,148.03,20.09,129.84,105
APT100684,DOC003,Dermatology,4,14,45,7,6,5,5,7,4,12,83.53,10.18,73.69,90
APT100685,DOC001,General Medicine,6,11,45,11,10,10,11,11,3,14,180.34,7.73,156.25,150
APT100686,DOC005,Orthopedics,0,11,30,1,0,0,2,1,5,18,18.93,18.28,23.55,0
APT100687,DOC001,General Medicine,2,10,30,11,10,6,8,11,1,14,105.57,20.49,95.64,150
APT100688,DOC001,General Medicine,3,16,30,6,5,3,6,6,2,14,57.51,24.18,56.79,75
APT100689,DOC003,Dermatology,1,14,0,7,6,5,6,7,0,12,74.82,5.96,68.2,90
APT100690,DOC005,Orthopedics,0,16,30,12,11,10,12,12,1,18,228.75,24.25,207.96,165
APT100691,DOC005,Orthopedics,6,14,0,7,6,5,8,7,1,18,111.18,11.42,102.64,90
APT100692,DOC004,Pediatrics,4,13,15,9,8,6,9,9,7,16,128.51,26.93,126.65,120
APT100693,DOC001,General Medicine,0,9,45,11,10,7,7,11,7,14,113.94,16.58,105.98,150
APT100694,DOC001,General Medicine,5,14,30,11,10,7,9,11,1,14,115.7,16.8,107.72,150
APT100695,DOC002,Cardiology,4,13,45,10,9,8,8,10,5,20,209.98,14.12,188.59,135
APT100696,DOC004,Pediatrics,6,17,45,5,4,4,6,5,4,16,73.77,21.09,74.41,60
APT100697,DOC002,Cardiology,2,11,30,1,0,0,0,4,2,20,13.59,22.36,9.48,0
APT100698,DOC002,Cardiology,3,13,30,2,1,1,1,2,4,20,31.45,21.59,20.63,15
APT100699,DOC002,Cardiology,6,14,15,15,14,11,12,15,4,20,232.77,22.72,225.88,210
APT100700,DOC003,Dermatology,2,14,0,4,3,3,3,4,4,12,53.99,12.29,38.91,45
APT100701,DOC003,Dermatology,1,13,0,5,4,3,4,5,2,12,57.75,10.05,48.56,60
APT100702,DOC002,Cardiology,0,15,45,9,8,7,10,9,2,20,167.0,26.93,198.47,120
APT100703,DOC004,Pediatrics,5,11,30,11,10,7,9,11,3,16,144.49,12.53,138.92,150
APT100704,DOC001,General Medicine,4,14,15,15,14,12,15,15,6,14,194.02,10.48,167.99,210
APT100705,DOC004,Pediatrics,4,14,15,1,0,0,2,4,1,16,3.0,11.45,3.54,0
APT100706,DOC005,Orthopedics,0,16,15,3,2,2,5,3,9,18,74.42,11.29,42.67,30
APT100707,DOC003,Dermatology,5,15,15,5,4,3,5,5,3,12,48.0,8.84,42.84,60
APT100708,DOC001,General Medicine,0,12,15,3,2,2,2,4,3,14,61.9,20.42,18.24,30
APT100709,DOC001,General Medicine,1,11,0,4,3,2,4,4,0,14,39.2,8.86,31.2,45
APT100710,DOC005,Orthopedics,2,17,0,15,14,14,16,15,9,18,225.81,14.3,210.71,210
APT100711,DOC005,Orthopedics,6,13,0,14,13,10,13,14,7,18,225.48,20.07,224.85,195
APT100712,DOC002,Cardiology,4,16,30,3,2,2,5,3,0,20,49.73,17.29,51.49,30
APT100713,DOC003,Dermatology,1,10,45,4,3,2,5,4,7,12,46.96,11.95,49.79,45
APT100714,DOC003,Dermatology,2,14,15,14,13,10,11,14,6,12,139.13,10.9,128.03,195
APT100715,DOC004,Pediatrics,1,15,30,15,14,12,13,15,8,16,219.3,23.12,194.76,210
APT100716,DOC002,Cardiology,5,16,15,13,12,9,11,13,7,20,202.08,14.44,200.72,180
APT100717,DOC002,Cardiology,4,12,0,13,12,9,11,13,4,20,223.37,18.81,237.49,180
APT100718,DOC002,Cardiology,6,14,30,15,14,11,11,15,7,20,232.12,11.87,228.96,210
APT100719,DOC002,Cardiology,0,13,0,15,14,11,11,15,10,20,313.24,22.19,240.0,210
APT100720,DOC003,Dermatology,0,9,15,1,0,0,2,4,9,12,21.0,18.13,2.69,0
APT100721,DOC003,Dermatology,2,14,15,12,11,9,10,12,2,12,133.91,9.5,105.76,165
APT100722,DOC002,Cardiology,6,14,45,8,7,5,7,8,9,20,117.98,18.57,119.88,105
APT100723,DOC004,Pediatrics,3,16,15,4,3,2,2,4,6,16,38.22,18.5,46.13,45
APT100724,DOC001,General Medicine,5,13,0,7,6,5,6,7,3,14,100.31,23.12,91.25,90
APT100725,DOC001,General Medicine,2,11,15,2,1,1,2,4,4,14,35.77,14.12,32.54,15
APT100726,DOC004,Pediatrics,3,9,45,2,1,1,1,2,8,16,24.14,20.5,24.32,15
APT100727,DOC002,Cardiology,1,12,45,6,5,3,5,6,6,20,78.66,18.74,89.28,75
APT100728,DOC003,Dermatology,5,11,0,14,13,8,11,14,3,12,136.58,21.35,119.87,195
APT100729,DOC001,General Medicine,1,15,30,2,1,1,3,4,5,14,40.98,19.67,26.72,15
APT100730,DOC005,Orthopedics,6,12,15,15,14,12,14,15,9,18,255.83,22.27,240.0,210
APT100731,DOC005,Orthopedics,4,16,45,15,14,12,12,15,10,18,241.11,9.5,227.77,210
APT100732,DOC004,Pediatrics,5,17,15,6,5,4,5,6,6,16,81.25,14.93,63.9,75
APT100733,DOC002,Cardiology,3,14,15,11,10,8,8,11,9,20,182.43,19.72,180.29,150
APT100734,DOC001,General Medicine,4,16,30,15,14,12,14,15,8,14,189.05,11.15,170.27,210
APT100735,DOC002,Cardiology,0,15,45,2,1,1,4,2,3,20,36.63,30.14,43.01,15
APT100736,DOC001,General Medicine,3,13,15,4,3,2,5,4,9,14,49.66,15.85,67.45,45
APT100737,DOC004,Pediatrics,2,11,45,7,6,4,7,7,2,16,75.55,13.13,94.67,90
APT100738,DOC004,Pediatrics,0,13,0,8,7,7,7,8,7,16,174.77,21.58,161.09,105
APT100739,DOC005,Orthopedics,0,13,0,15,14,12,13,15,0,18,274.5,15.89,240.0,210
APT100740,DOC002,Cardiology,2,15,15,3,2,2,2,3,8,20,63.65,17.51,57.63,30
APT100741,DOC005,Orthopedics,5,13,45,14,13,12,15,14,0,18,264.87,14.59,240.0,195
APT100742,DOC002,Cardiology,0,16,15,15,14,11,13,15,1,20,254.71,27.54,240.0,210
APT100743,DOC005,Orthopedics,6,14,45,13,12,11,12,13,7,18,215.17,23.12,205.08,180
APT100744,DOC003,Dermatology,3,10,45,9,8,6,6,9,8,12,114.87,6.17,69.08,120
APT100745,DOC003,Dermatology,4,17,30,2,1,1,1,2,6,12,29.13,5.0,23.2,15
APT100746,DOC003,Dermatology,0,13,30,8,7,6,7,8,2,12,103.08,14.91,113.06,105
APT100747,DOC003,Dermatology,3,12,30,8,7,5,6,8,6,12,97.79,6.45,75.17,105
APT100748,DOC001,General Medicine,1,14,15,13,12,10,12,13,5,14,168.05,12.99,147.72,180
APT100749,DOC003,Dermatology,3,10,30,14,13,9,10,14,1,12,138.23,18.46,129.21,195
APT100750,DOC004,Pediatrics,4,14,30,4,3,2,4,4,2,16,38.82,21.91,41.47,45
APT100751,DOC004,Pediatrics,3,13,0,1,0,0,3,1,10,16,24.11,15.08,24.01,0
APT100752,DOC001,General Medicine,2,12,45,13,12,12,15,13,9,14,220.16,13.64,216.81,180
APT100753,DOC003,Dermatology,4,17,45,1,0,0,0,4,9,12,17.48,5.0,5.28,0
APT100754,DOC003,Dermatology,5,13,30,2,1,1,4,2,4,12,37.62,13.17,40.07,15
APT100755,DOC003,Dermatology,1,11,45,14,13,9,12,14,9,12,138.6,13.14,148.44,195
APT100756,DOC005,Orthopedics,2,13,0,15,14,11,13,15,3,18,232.41,25.93,234.4,210
APT100757,DOC002,Cardiology,5,16,0,12,11,8,8,12,1,20,175.51,13.92,169.97,165
APT100758,DOC005,Orthopedics,3,10,30,14,13,10,11,14,3,18,218.77,14.24,195.28,195
APT100759,DOC002,Cardiology,4,11,0,9,8,5,5,9,7,20,132.5,11.41,117.6,120
APT100760,DOC003,Dermatology,1,9,45,13,12,8,11,13,4,12,82.02,5.0,99.67,180
APT100761,DOC003,Dermatology,2,9,15,2,1,1,2,4,4,12,23.14,7.15,10.81,15
APT100762,DOC005,Orthopedics,5,15,45,2,1,1,1,2,9,18,40.55,12.96,28.95,15
APT100763,DOC005,Orthopedics,5,14,15,6,5,4,4,6,2,18,90.49,20.09,78.86,75
APT100764,DOC002,Cardiology,1,12,30,7,6,4,4,7,7,20,114.42,17.57,89.46,90
APT100765,DOC004,Pediatrics,6,14,15,13,12,11,11,13,5,16,195.39,13.58,180.31,180
APT100766,DOC002,Cardiology,3,12,0,7,6,4,6,7,1,20,112.46,16.6,99.29,90
APT100767,DOC005,Orthopedics,1,17,45,15,14,11,11,15,1,18,168.31,5.0,159.19,210
APT100768,DOC005,Orthopedics,5,17,15,13,12,8,11,13,8,18,143.75,32.85,156.61,180
APT100769,DOC001,General Medicine,0,12,45,9,8,6,9,9,6,14,118.2,12.22,119.36,120
APT100770,DOC005,Orthopedics,2,15,30,6,5,4,6,6,9,18,90.13,16.55,96.17,75
APT100771,DOC001,General Medicine,1,15,30,14,13,11,12,14,8,14,169.71,8.0,162.9,195
APT100772,DOC004,Pediatrics,6,11,0,8,7,4,5,8,5,16,97.81,22.98,72.44,105
APT100773,DOC002,Cardiology,5,11,30,11,10,8,11,11,4,20,200.42,21.08,198.67,150
APT100774,DOC002,Cardiology,3,13,15,6,5,3,6,6,0,20,79.56,15.79,86.85,75
APT100775,DOC001,General Medicine,5,15,30,2,1,1,3,4,5,14,23.33,13.12,33.8,15
APT100776,DOC002,Cardiology,3,17,0,1,0,0,1,2,5,20,11.9,28.83,17.87,0
APT100777,DOC005,Orthopedics,1,15,45,5,4,3,4,5,2,18,62.22,15.95,84.01,60
APT100778,DOC003,Dermatology,3,15,45,14,13,11,11,14,2,12,149.8,13.09,138.62,195
APT100779,DOC001,General Medicine,4,14,30,9,8,7,7,9,2,14,105.5,10.11,94.72,120
APT100780,DOC002,Cardiology,4,15,15,8,7,7,7,8,2,20,164.59,12.48,147.36,105
APT100781,DOC001,General Medicine,4,15,0,14,13,11,13,14,6,14,163.59,15.5,167.47,195
APT100782,DOC001,General Medicine,6,12,15,13,12,8,11,13,9,14,148.25,16.31,157.6,180
APT100783,DOC003,Dermatology,6,13,0,4,3,2,4,4,10,12,66.28,18.42,33.72,45
APT100784,DOC005,Orthopedics,0,15,30,5,4,3,4,5,1,18,71.34,9.96,89.74,60
APT100785,DOC001,General Medicine,6,9,0,13,12,10,13,13,9,14,128.6,8.16,137.63,180
APT100786,DOC002,Cardiology,1,15,0,5,4,3,3,5,9,20,85.29,17.5,53.54,60
APT100787,DOC004,Pediatrics,5,10,30,6,5,3,5,6,1,16,64.17,17.04,57.78,75
APT100788,DOC001,General Medicine,5,13,15,3,2,2,4,4,2,14,40.32,12.52,50.2,30
APT100789,DOC001,General Medicine,0,15,30,5,4,3,3,5,9,14,65.9,18.73,69.28,60
APT100790,DOC003,Dermatology,6,11,0,2,1,1,3,2,6,12,53.67,12.16,16.16,15
APT100791,DOC005,Orthopedics,3,11,30,10,9,6,6,10,2,18,136.21,12.44,129.84,135
APT100792,DOC004,Pediatrics,0,12,0,1,0,0,1,2,6,16,9.32,25.71,0.0,0
APT100793,DOC002,Cardiology,3,16,30,11,10,8,11,11,8,20,194.78,23.83,179.18,150
APT100794,DOC004,Pediatrics,3,9,45,1,0,0,1,4,10,16,24.28,12.77,17.92,0
APT100795,DOC002,Cardiology,2,16,45,10,9,9,10,10,9,20,200.79,29.19,188.66,135
APT100796,DOC005,Orthopedics,5,10,30,7,6,4,4,7,10,18,103.09,30.35,78.85,90
APT100797,DOC002,Cardiology,4,17,15,2,1,1,3,2,3,20,33.31,24.11,26.02,15
APT100798,DOC003,Dermatology,6,17,0,4,3,2,3,4,6,12,33.87,5.0,23.81,45
APT100799,DOC003,Dermatology,3,13,45,5,4,3,4,5,8,12,51.59,15.79,58.45,60
APT100800,DOC003,Dermatology,2,13,15,7,6,5,6,7,7,12,103.5,17.74,71.78,90
APT100801,DOC003,Dermatology,5,13,0,2,1,1,3,2,7,12,32.87,24.88,22.52,15
APT100802,DOC004,Pediatrics,4,14,45,14,13,10,12,14,8,16,194.79,23.88,159.12,195
APT100803,DOC005,Orthopedics,3,10,45,6,5,3,3,6,4,18,88.19,25.27,67.41,75
APT100804,DOC002,Cardiology,3,9,30,1,0,0,1,4,4,20,5.79,23.12,4.75,0
APT100805,DOC002,Cardiology,0,9,0,7,6,4,7,7,2,20,97.39,28.72,79.81,90
APT100806,DOC003,Dermatology,0,12,15,9,8,6,8,9,4,12,106.44,25.22,108.12,120
APT100807,DOC003,Dermatology,5,11,15,5,4,3,3,5,7,12,50.38,14.77,58.81,60
APT100808,DOC001,General Medicine,4,14,15,5,4,3,4,5,4,14,55.23,7.79,47.99,60
APT100809,DOC005,Orthopedics,3,17,0,4,3,3,6,4,3,18,60.28,14.58,57.7,45
APT100810,DOC004,Pediatrics,5,12,15,3,2,2,4,3,7,16,55.62,18.05,54.73,30
APT100811,DOC002,Cardiology,5,13,15,9,8,7,10,9,6,20,179.02,18.75,163.92,120
APT100812,DOC001,General Medicine,1,12,15,5,4,3,5,5,5,14,75.1,8.76,81.06,60
APT100813,DOC001,General Medicine,6,15,30,8,7,6,6,8,4,14,101.79,7.47,84.7,105
APT100814,DOC002,Cardiology,0,16,30,9,8,6,9,9,4,20,149.08,18.1,158.27,120
APT100815,DOC004,Pediatrics,4,16,0,5,4,3,4,5,9,16,76.43,25.78,68.18,60
APT100816,DOC001,General Medicine,3,17,0,10,9,9,10,10,1,14,117.68,21.6,108.41,135
APT100817,DOC001,General Medicine,5,9,15,9,8,6,8,9,3,14,65.35,18.25,82.91,120
APT100818,DOC005,Orthopedics,3,15,30,2,1,1,2,2,7,18,41.04,23.05,29.88,15
APT100819,DOC004,Pediatrics,1,15,45,9,8,7,10,9,7,16,136.66,14.44,116.4,120
APT100820,DOC001,General Medicine,4,11,45,11,10,7,7,11,10,14,139.6,6.91,118.11,150
APT100821,DOC004,Pediatrics,5,17,15,4,3,3,5,4,0,16,55.04,15.84,42.45,45
APT100822,DOC002,Cardiology,3,10,15,6,5,4,7,6,1,20,99.51,19.9,100.47,75
APT100823,DOC003,Dermatology,0,14,30,6,5,4,6,6,4,12,74.72,9.92,53.25,75
APT100824,DOC001,General Medicine,6,11,30,6,5,3,3,6,8,14,60.99,13.38,66.36,75
APT100825,DOC005,Orthopedics,1,12,30,2,1,1,3,3,9,18,48.88,19.66,53.52,15
APT100826,DOC002,Cardiology,4,14,0,7,6,5,6,7,10,20,139.67,24.05,121.09,90
APT100827,DOC004,Pediatrics,1,13,0,13,12,10,11,13,10,16,203.64,17.78,210.7,180
APT100828,DOC002,Cardiology,0,12,15,6,5,4,6,6,6,20,119.48,11.27,111.72,75
APT100829,DOC001,General Medicine,4,12,0,11,10,7,7,11,9,14,132.86,12.14,113.87,150
APT100830,DOC004,Pediatrics,1,15,30,14,13,9,9,14,4,16,163.15,16.48,141.53,195
APT100831,DOC003,Dermatology,2,10,30,1,0,0,1,2,0,12,3.36,14.28,11.19,0
APT100832,DOC002,Cardiology,0,12,0,2,1,1,1,3,5,20,49.45,17.5,33.77,15
APT100833,DOC001,General Medicine,0,16,45,7,6,6,8,7,7,14,124.46,16.08,108.24,90
APT100834,DOC005,Orthopedics,0,15,15,1,0,0,3,2,6,18,24.26,18.55,30.37,0
APT100835,DOC004,Pediatrics,2,12,45,15,14,11,13,15,1,16,202.0,17.39,213.44,210
APT100836,DOC002,Cardiology,2,15,15,1,0,0,1,4,4,20,22.33,23.72,0.0,0
APT100837,DOC002,Cardiology,3,15,45,1,0,0,1,2,10,20,30.56,15.89,6.36,0
APT100838,DOC003,Dermatology,5,16,0,8,7,6,7,8,3,12,93.17,9.9,84.78,105
APT100839,DOC003,Dermatology,6,13,15,4,3,2,2,4,8,12,53.91,15.38,46.88,45
APT100840,DOC005,Orthopedics,1,11,15,4,3,2,4,4,9,18,68.23,19.05,65.24,45
APT100841,DOC005,Orthopedics,3,11,15,13,12,8,11,13,0,18,183.27,16.22,189.98,180
APT100842,DOC001,General Medicine,1,11,30,2,1,1,3,2,5,14,48.43,12.39,46.06,15
APT100843,DOC001,General Medicine,6,13,30,11,10,6,9,11,2,14,103.76,15.48,114.28,150
APT100844,DOC005,Orthopedics,5,9,45,11,10,5,7,11,10,18,104.05,17.88,82.7,150
APT100845,DOC005,Orthopedics,2,14,0,11,10,9,10,11,8,18,185.76,18.06,161.14,150
APT100846,DOC004,Pediatrics,5,12,30,1,0,0,3,3,4,16,16.37,14.94,13.64,0
APT100847,DOC003,Dermatology,2,11,15,12,11,8,10,12,5,12,118.3,11.48,130.07,165
APT100848,DOC001,General Medicine,6,16,30,10,9,7,7,10,10,14,121.97,13.43,121.74,135
APT100849,DOC003,Dermatology,5,13,0,9,8,6,6,9,8,12,99.4,12.23,93.14,120
APT100850,DOC003,Dermatology,3,10,30,7,6,4,6,7,8,12,75.59,12.09,82.1,90
APT100851,DOC005,Orthopedics,4,15,15,4,3,3,4,4,7,18,67.07,26.4,61.94,45
APT100852,DOC004,Pediatrics,3,9,45,12,11,9,12,12,8,16,136.86,12.37,140.77,165
APT100853,DOC002,Cardiology,1,14,15,6,5,4,6,6,3,20,92.68,21.73,98.24,75
APT100854,DOC004,Pediatrics,3,15,0,14,13,10,10,14,5,16,180.68,8.39,147.05,195
APT100855,DOC004,Pediatrics,6,12,45,2,1,1,4,4,4,16,24.34,19.1,31.54,15
APT100856,DOC003,Dermatology,0,15,30,7,6,5,5,7,4,12,76.01,9.13,81.67,90
APT100857,DOC004,Pediatrics,1,13,30,2,1,1,1,3,3,16,36.55,17.72,25.04,15
APT100858,DOC001,General Medicine,5,13,30,10,9,6,8,10,1,14,103.23,13.03,93.58,135
APT100859,DOC003,Dermatology,1,9,45,8,7,5,5,8,5,12,72.52,12.91,36.31,105
APT100860,DOC001,General Medicine,4,11,15,8,7,5,8,8,8,14,105.66,12.59,96.94,105
APT100861,DOC002,Cardiology,2,16,45,1,0,0,1,3,0,20,13.85,14.93,3.02,0
APT100862,DOC003,Dermatology,5,12,45,13,12,9,11,13,6,12,154.32,18.81,128.28,180
APT100863,DOC002,Cardiology,1,13,0,8,7,5,8,8,5,20,131.48,24.05,133.77,105
APT100864,DOC003,Dermatology,5,13,45,2,1,1,3,4,2,12,23.79,11.07,29.95,15
APT100865,DOC005,Orthopedics,5,13,30,6,5,4,4,6,0,18,99.52,17.1,88.58,75
APT100866,DOC004,Pediatrics,5,9,15,13,12,8,8,13,3,16,123.97,24.02,92.62,180
APT100867,DOC005,Orthopedics,2,12,15,1,0,0,3,3,8,18,22.45,15.99,8.45,0
APT100868,DOC002,Cardiology,6,14,15,5,4,3,6,5,1,20,81.98,18.32,70.06,60
APT100869,DOC004,Pediatrics,3,11,30,11,10,7,8,11,2,16,141.07,13.59,139.01,150
APT100870,DOC003,Dermatology,5,11,30,7,6,3,6,7,1,12,53.96,9.99,59.63,90
APT100871,DOC004,Pediatrics,0,9,30,13,12,8,11,13,1,16,135.85,13.89,137.78,180
APT100872,DOC001,General Medicine,6,12,30,10,9,7,9,10,9,14,131.29,8.97,124.91,135
APT100873,DOC004,Pediatrics,4,16,30,1,0,0,0,3,10,16,24.54,10.35,5.73,0
APT100874,DOC001,General Medicine,2,9,45,15,14,10,13,15,10,14,148.78,11.08,129.21,210
APT100875,DOC004,Pediatrics,1,11,30,2,1,1,2,3,7,16,43.61,18.54,37.28,15
APT100876,DOC001,General Medicine,2,12,30,7,6,4,7,7,2,14,78.52,15.59,71.09,90
APT100877,DOC002,Cardiology,1,14,30,6,5,4,4,6,6,20,98.71,22.42,94.32,75
APT100878,DOC005,Orthopedics,2,14,30,3,2,2,5,3,7,18,58.72,21.18,54.35,30
APT100879,DOC003,Dermatology,1,12,15,14,13,11,13,14,2,12,170.76,18.78,160.03,195
APT100880,DOC004,Pediatrics,5,15,30,10,9,6,6,10,1,16,113.22,13.58,90.88,135
APT100881,DOC005,Orthopedics,3,14,45,2,1,1,4,4,7,18,35.72,14.57,23.38,15
APT100882,DOC003,Dermatology,1,16,45,10,9,7,9,10,2,12,100.43,10.06,89.89,135
APT100883,DOC003,Dermatology,1,15,45,4,3,3,3,4,6,12,58.32,14.56,38.31,45
APT100884,DOC001,General Medicine,0,11,0,3,2,1,4,3,0,14,22.8,15.73,7.22,30
APT100885,DOC002,Cardiology,1,11,15,7,6,3,5,7,5,20,88.93,20.3,80.54,90
APT100886,DOC002,Cardiology,0,10,30,8,7,5,6,8,8,20,138.77,16.14,147.98,105
APT100887,DOC005,Orthopedics,4,12,0,2,1,1,3,2,2,18,38.07,13.76,36.71,15
APT100888,DOC002,Cardiology,5,17,30,10,9,6,7,10,6,20,121.82,18.34,102.69,135
APT100889,DOC004,Pediatrics,0,12,0,7,6,5,8,7,5,16,128.23,10.8,119.96,90
APT100890,DOC002,Cardiology,3,11,0,8,7,4,6,8,7,20,111.17,16.63,97.69,105
APT100891,DOC005,Orthopedics,6,15,45,6,5,3,4,6,2,18,69.72,16.62,61.25,75
APT100892,DOC002,Cardiology,5,13,45,6,5,5,5,6,2,20,138.76,25.09,133.95,75
APT100893,DOC004,Pediatrics,0,10,0,10,9,5,7,10,3,16,129.3,12.2,124.57,135
APT100894,DOC001,General Medicine,5,12,45,1,0,0,3,4,2,14,13.84,12.24,20.1,0
APT100895,DOC005,Orthopedics,5,12,0,4,3,2,2,4,8,18,66.05,15.99,44.37,45
APT100896,DOC001,General Medicine,5,15,15,14,13,11,12,14,10,14,188.86,13.02,172.3,195
APT100897,DOC001,General Medicine,4,9,45,1,0,0,2,3,3,14,3.0,18.1,0.0,0
APT100898,DOC001,General Medicine,3,11,45,4,3,2,4,4,5,14,48.77,17.21,43.81,45
APT100899,DOC003,Dermatology,2,13,45,2,1,1,4,2,7,12,45.26,10.12,39.79,15
APT100900,DOC003,Dermatology,2,11,15,11,10,7,7,11,10,12,130.22,8.27,111.19,150
APT100901,DOC001,General Medicine,0,14,0,13,12,9,11,13,7,14,169.31,19.43,165.13,180
APT100902,DOC005,Orthopedics,5,13,30,5,4,3,5,5,4,18,68.7,29.16,78.42,60
APT100903,DOC004,Pediatrics,0,12,45,10,9,7,7,10,4,16,161.65,23.67,147.15,135
APT100904,DOC004,Pediatrics,4,16,0,14,13,10,12,14,5,16,175.87,25.67,182.79,195
APT100905,DOC002,Cardiology,4,14,15,9,8,6,6,9,9,20,147.28,20.28,118.72,120
APT100906,DOC005,Orthopedics,1,10,30,11,10,7,7,11,6,18,159.44,33.72,145.7,150
APT100907,DOC003,Dermatology,4,13,45,15,14,11,11,15,9,12,169.67,5.0,158.75,210
APT100908,DOC001,General Medicine,1,15,15,12,11,9,12,12,6,14,132.31,15.79,143.1,165
APT100909,DOC002,Cardiology,3,14,15,10,9,8,8,10,3,20,185.67,25.39,148.08,135
APT100910,DOC004,Pediatrics,0,10,30,3,2,2,2,4,5,16,59.0,11.14,51.25,30
APT100911,DOC003,Dermatology,6,17,0,8,7,4,5,8,6,12,57.1,8.4,53.26,105
APT100912,DOC003,Dermatology,3,12,45,3,2,1,2,3,4,12,31.03,7.55,21.55,30
APT100913,DOC001,General Medicine,4,10,45,6,5,3,6,6,4,14,58.0,11.19,87.42,75
APT100914,DOC004,Pediatrics,3,11,0,4,3,2,2,4,1,16,40.33,16.89,32.09,45
APT100915,DOC005,Orthopedics,3,10,0,8,7,6,7,8,6,18,137.41,19.76,129.4,105
APT100916,DOC003,Dermatology,3,15,0,11,10,9,10,11,5,12,121.9,16.17,113.16,150
APT100917,DOC001,General Medicine,4,10,30,6,5,4,6,6,10,14,93.83,20.79,81.96,75
APT100918,DOC005,Orthopedics,6,10,30,8,7,6,6,8,0,18,129.16,17.14,121.53,105
APT100919,DOC004,Pediatrics,5,15,45,1,0,0,1,2,3,16,26.15,9.78,0.0,0
APT100920,DOC003,Dermatology,3,12,30,6,5,4,7,6,2,12,76.31,20.03,64.8,75
APT100921,DOC005,Orthopedics,1,9,15,1,0,0,2,1,2,18,16.06,20.24,6.83,0
APT100922,DOC005,Orthopedics,4,9,45,1,0,0,2,2,6,18,14.36,18.74,19.21,0
APT100923,DOC005,Orthopedics,3,10,30,8,7,6,6,8,10,18,161.53,23.59,155.83,105
APT100924,DOC003,Dermatology,6,11,0,15,14,10,10,15,9,12,161.55,10.85,155.92,210
APT100925,DOC003,Dermatology,5,14,15,7,6,6,8,7,3,12,87.14,12.62,74.64,90
APT100926,DOC002,Cardiology,4,10,0,3,2,1,4,3,7,20,46.28,14.81,35.3,30
APT100927,DOC004,Pediatrics,2,10,45,6,5,3,3,6,10,16,86.99,16.82,62.99,75
APT100928,DOC001,General Medicine,5,15,0,15,14,10,10,15,8,14,168.38,8.35,165.21,210
APT100929,DOC005,Orthopedics,1,14,30,9,8,6,8,9,2,18,119.31,14.69,115.87,120
APT100930,DOC002,Cardiology,3,12,30,7,6,5,7,7,4,20,128.3,14.9,111.55,90
APT100931,DOC001,General Medicine,6,13,45,12,11,7,7,12,3,14,132.59,12.35,109.19,165
APT100932,DOC002,Cardiology,2,12,0,3,2,1,2,4,9,20,53.34,13.66,43.02,30
APT100933,DOC003,Dermatology,6,13,45,14,13,9,9,14,5,12,140.08,8.99,132.74,195
APT100934,DOC005,Orthopedics,2,13,0,14,13,9,10,14,10,18,201.78,12.54,196.76,195
APT100935,DOC001,General Medicine,4,12,15,13,12,10,12,13,9,14,184.58,14.84,180.18,180
APT100936,DOC001,General Medicine,2,16,30,6,5,5,6,6,3,14,89.68,15.45,57.77,75
APT100937,DOC001,General Medicine,1,9,45,11,10,8,11,11,7,14,124.24,6.27,108.51,150
APT100938,DOC001,General Medicine,1,15,15,4,3,2,4,4,2,14,32.65,10.35,44.58,45
APT100939,DOC001,General Medicine,0,10,15,14,13,9,9,14,10,14,187.66,16.93,160.57,195
APT100940,DOC002,Cardiology,1,15,45,13,12,9,9,13,4,20,196.23,19.18,178.53,180
APT100941,DOC005,Orthopedics,5,14,45,3,2,2,4,3,0,18,55.81,16.26,27.74,30
APT100942,DOC003,Dermatology,2,15,15,9,8,7,9,9,5,12,102.24,12.13,109.99,120
APT100943,DOC003,Dermatology,1,10,0,10,9,9,12,10,10,12,144.58,15.32,139.06,135
APT100944,DOC003,Dermatology,4,13,15,2,1,1,3,2,4,12,34.96,6.18,29.02,15
APT100945,DOC003,Dermatology,6,13,45,1,0,0,0,4,7,12,19.31,16.27,13.76,0
APT100946,DOC002,Cardiology,6,14,15,15,14,11,14,15,8,20,236.95,15.73,240.0,210
APT100947,DOC004,Pediatrics,0,13,0,14,13,11,11,14,7,16,242.75,17.92,227.89,195
APT100948,DOC005,Orthopedics,6,13,30,2,1,1,2,4,7,18,54.93,18.03,27.02,15
APT100949,DOC001,General Medicine,2,12,30,7,6,5,7,7,2,14,97.05,11.75,91.5,90
APT100950,DOC004,Pediatrics,0,11,15,10,9,6,7,10,3,16,140.55,12.29,142.06,135
APT100951,DOC003,Dermatology,2,13,0,1,0,0,0,3,10,12,25.25,12.16,9.15,0
APT100952,DOC004,Pediatrics,4,10,30,6,5,3,4,6,3,16,72.79,27.91,53.94,75
APT100953,DOC005,Orthopedics,0,17,15,14,13,12,13,14,10,18,236.1,14.91,209.69,195
APT100954,DOC001,General Medicine,3,14,15,7,6,5,5,7,4,14,88.81,18.36,62.29,90
APT100955,DOC001,General Medicine,5,17,0,9,8,7,7,9,8,14,101.7,14.82,95.27,120
APT100956,DOC005,Orthopedics,5,11,45,15,14,9,11,15,8,18,215.74,18.24,196.17,210
APT100957,DOC005,Orthopedics,2,16,15,14,13,13,14,14,9,18,261.4,14.05,240.0,195
APT100958,DOC003,Dermatology,6,15,45,8,7,6,9,8,0,12,76.19,7.6,76.32,105
APT100959,DOC001,General Medicine,3,14,45,6,5,4,7,6,7,14,72.51,11.94,74.07,75
APT100960,DOC004,Pediatrics,0,14,30,3,2,2,2,3,0,16,33.67,12.96,33.95,30
APT100961,DOC002,Cardiology,3,12,45,8,7,5,5,8,1,20,141.36,16.32,110.38,105
APT100962,DOC002,Cardiology,3,15,0,7,6,6,7,7,6,20,146.68,19.49,141.82,90
APT100963,DOC005,Orthopedics,6,13,30,3,2,1,1,4,7,18,36.98,31.51,43.68,30
APT100964,DOC003,Dermatology,0,9,30,9,8,5,8,9,0,12,65.88,7.79,54.94,120
APT100965,DOC002,Cardiology,4,12,30,12,11,9,11,12,2,20,216.13,24.73,221.18,165
APT100966,DOC001,General Medicine,6,16,15,2,1,1,3,3,6,14,43.32,14.77,19.84,15
APT100967,DOC005,Orthopedics,3,15,15,3,2,2,3,3,8,18,47.9,14.53,44.98,30
APT100968,DOC004,Pediatrics,3,17,45,2,1,1,3,4,7,16,30.8,14.01,26.01,15
APT100969,DOC005,Orthopedics,4,14,30,13,12,8,8,13,7,18,165.8,20.91,152.94,180
APT100970,DOC004,Pediatrics,3,11,30,1,0,0,0,3,8,16,29.55,6.59,11.23,0
APT100971,DOC005,Orthopedics,3,10,0,4,3,2,2,4,9,18,65.96,21.03,56.72,45
APT100972,DOC005,Orthopedics,3,11,45,5,4,3,3,5,2,18,63.7,10.51,65.29,60
APT100973,DOC005,Orthopedics,5,9,0,13,12,9,10,13,7,18,152.34,13.74,139.41,180
APT100974,DOC004,Pediatrics,6,12,45,6,5,4,6,6,0,16,77.43,16.45,74.28,75
APT100975,DOC004,Pediatrics,1,11,45,5,4,3,6,5,7,16,77.78,16.05,60.88,60
APT100976,DOC005,Orthopedics,6,12,15,1,0,0,2,4,6,18,30.56,24.06,6.95,0
APT100977,DOC002,Cardiology,4,16,15,3,2,2,2,3,7,20,48.3,22.57,62.26,30
APT100978,DOC003,Dermatology,3,12,0,1,0,0,3,3,0,12,5.2,11.23,5.94,0
APT100979,DOC003,Dermatology,6,16,45,11,10,9,10,11,5,12,123.09,17.07,107.13,150
APT100980,DOC003,Dermatology,5,14,30,5,4,4,4,5,6,12,64.53,9.61,56.7,60
APT100981,DOC004,Pediatrics,4,11,15,5,4,3,3,5,10,16,87.26,26.88,63.88,60
APT100982,DOC004,Pediatrics,2,12,30,12,11,9,12,12,4,16,181.31,11.36,175.1,165
APT100983,DOC002,Cardiology,6,10,0,11,10,6,7,11,4,20,157.89,28.4,159.99,150
APT100984,DOC003,Dermatology,2,12,15,13,12,7,10,13,6,12,112.53,16.06,119.04,180
APT100985,DOC003,Dermatology,3,14,15,6,5,3,4,6,10,12,62.33,11.18,43.11,75
APT100986,DOC005,Orthopedics,5,9,45,8,7,4,4,8,2,18,77.04,17.41,59.55,105
APT100987,DOC004,Pediatrics,5,11,0,10,9,6,8,10,5,16,123.93,20.18,120.64,135
APT100988,DOC003,Dermatology,6,12,45,12,11,11,11,12,6,12,177.46,5.0,164.28,165
APT100989,DOC002,Cardiology,4,17,15,1,0,0,2,2,0,20,8.37,26.45,4.02,0
APT100990,DOC002,Cardiology,4,15,0,4,3,3,5,4,1,20,79.56,21.81,53.11,45
APT100991,DOC003,Dermatology,5,14,15,10,9,7,8,10,3,12,98.19,12.03,89.73,135
APT100992,DOC004,Pediatrics,4,10,0,11,10,7,10,11,7,16,153.33,5.0,130.91,150
APT100993,DOC002,Cardiology,5,15,15,1,0,0,1,2,10,20,23.72,17.11,31.55,0
APT100994,DOC005,Orthopedics,6,15,30,9,8,6,6,9,9,18,132.05,13.26,106.85,120
APT100995,DOC002,Cardiology,1,14,30,11,10,8,11,11,5,20,181.81,23.19,176.01,150
APT100996,DOC001,General Medicine,5,17,45,7,6,6,8,7,0,14,83.16,14.28,77.71,90
APT100997,DOC001,General Medicine,2,12,30,7,6,5,7,7,9,14,96.96,13.26,93.79,90
APT100998,DOC004,Pediatrics,4,16,15,12,11,11,11,12,4,16,204.92,21.19,179.74,165
APT100999,DOC003,Dermatology,5,16,15,5,4,3,6,5,6,12,41.94,7.05,55.65,60
APT101000,DOC004,Pediatrics,5,9,30,7,6,4,4,7,5,16,63.61,17.84,67.67,90
APT101001,DOC004,Pediatrics,6,13,45,12,11,9,9,12,8,16,188.34,21.51,181.19,165
APT101002,DOC004,Pediatrics,4,17,30,15,14,13,14,15,7,16,196.09,21.09,196.21,210
APT101003,DOC004,Pediatrics,1,10,0,2,1,1,1,3,3,16,45.05,17.22,12.06,15
APT101004,DOC005,Orthopedics,6,13,0,14,13,11,14,14,10,18,241.2,24.91,240.0,195
APT101005,DOC005,Orthopedics,1,17,0,13,12,11,11,13,4,18,177.55,18.98,168.55,180
APT101006,DOC002,Cardiology,6,13,30,4,3,2,5,4,6,20,51.53,16.6,67.89,45
APT101007,DOC001,General Medicine,4,11,30,14,13,12,14,14,7,14,215.14,16.53,219.9,195
APT101008,DOC004,Pediatrics,0,13,30,14,13,10,10,14,4,16,225.1,18.85,201.51,195
APT101009,DOC002,Cardiology,4,11,0,7,6,5,8,7,8,20,149.65,19.73,131.32,90
APT101010,DOC001,General Medicine,4,13,45,3,2,2,4,3,9,14,58.35,19.9,54.86,30
APT101011,DOC003,Dermatology,1,9,15,2,1,1,4,3,3,12,29.11,10.89,8.49,15
APT101012,DOC005,Orthopedics,1,14,30,10,9,6,8,10,3,18,128.17,6.63,115.01,135
APT101013,DOC001,General Medicine,4,13,45,2,1,1,2,2,7,14,35.16,15.17,26.34,15
APT101014,DOC003,Dermatology,4,14,15,13,12,12,12,13,0,12,146.62,10.08,136.53,180
APT101015,DOC001,General Medicine,4,14,15,1,0,0,0,4,7,14,21.61,20.14,15.39,0
APT101016,DOC005,Orthopedics,1,13,15,5,4,3,5,5,4,18,68.8,23.71,64.13,60
APT101017,DOC005,Orthopedics,4,14,45,12,11,10,11,12,10,18,216.67,16.97,189.84,165
APT101018,DOC002,Cardiology,4,10,45,6,5,3,6,6,0,20,78.52,29.04,84.29,75
APT101019,DOC004,Pediatrics,3,13,0,6,5,4,5,6,3,16,97.47,15.32,93.05,75
APT101020,DOC001,General Medicine,0,10,45,9,8,7,10,9,1,14,135.39,19.54,139.43,120
APT101021,DOC001,General Medicine,2,16,45,4,3,3,6,4,3,14,58.64,18.85,64.2,45
APT101022,DOC003,Dermatology,0,9,45,1,0,0,0,1,7,12,20.33,14.61,11.66,0
APT101023,DOC005,Orthopedics,3,12,15,6,5,4,6,6,4,18,99.58,22.24,95.68,75
APT101024,DOC001,General Medicine,2,14,30,15,14,12,12,15,0,14,177.93,13.55,162.35,210
APT101025,DOC005,Orthopedics,6,13,0,5,4,4,4,5,6,18,105.89,18.74,75.15,60
APT101026,DOC001,General Medicine,4,10,30,10,9,6,6,10,0,14,100.71,8.14,96.17,135
APT101027,DOC002,Cardiology,3,13,30,6,5,4,7,6,8,20,107.09,27.69,109.07,75
APT101028,DOC004,Pediatrics,6,14,45,3,2,2,2,3,2,16,53.82,18.15,41.87,30
APT101029,DOC001,General Medicine,4,14,0,2,1,1,4,3,2,14,31.85,17.37,32.85,15
APT101030,DOC005,Orthopedics,1,12,30,6,5,3,5,6,5,18,81.33,26.8,74.8,75
APT101031,DOC002,Cardiology,5,13,30,13,12,9,12,13,9,20,243.59,24.39,219.49,180
APT101032,DOC001,General Medicine,3,13,0,1,0,0,3,2,5,14,17.03,9.46,23.23,0
APT101033,DOC003,Dermatology,1,14,45,7,6,5,6,7,10,12,94.46,13.1,63.36,90
APT101034,DOC004,Pediatrics,3,13,30,7,6,5,5,7,10,16,120.03,21.35,93.57,90
APT101035,DOC001,General Medicine,3,13,15,10,9,7,7,10,5,14,124.18,19.76,108.04,135
APT101036,DOC002,Cardiology,1,11,30,13,12,10,10,13,0,20,253.24,29.62,228.99,180
APT101037,DOC003,Dermatology,2,9,15,7,6,5,5,7,4,12,70.73,11.8,61.81,90
APT101038,DOC002,Cardiology,0,10,45,15,14,9,10,15,5,20,249.65,20.14,237.23,210
APT101039,DOC002,Cardiology,4,10,30,12,11,9,10,12,7,20,233.78,20.63,214.67,165
APT101040,DOC003,Dermatology,3,12,0,11,10,8,9,11,0,12,118.13,12.08,98.56,150
APT101041,DOC002,Cardiology,4,14,0,10,9,6,7,10,4,20,143.56,22.08,133.88,135
APT101042,DOC003,Dermatology,5,11,30,1,0,0,0,4,2,12,3.0,13.26,0.0,0
APT101043,DOC001,General Medicine,1,16,45,15,14,11,14,15,1,14,160.98,14.11,168.3,210
APT101044,DOC003,Dermatology,4,9,45,4,3,2,4,4,10,12,47.25,11.24,30.76,45
APT101045,DOC003,Dermatology,1,15,0,13,12,9,10,13,7,12,128.09,8.45,125.17,180
APT101046,DOC004,Pediatrics,4,14,30,7,6,4,7,7,6,16,84.97,19.32,78.69,90
APT101047,DOC003,Dermatology,0,12,45,11,10,7,8,11,9,12,125.87,16.66,122.11,150
APT101048,DOC003,Dermatology,0,9,0,9,8,5,5,9,6,12,89.07,11.32,66.05,120
APT101049,DOC001,General Medicine,0,14,15,5,4,4,4,5,4,14,89.87,10.79,86.64,60
APT101050,DOC004,Pediatrics,0,12,30,13,12,8,11,13,8,16,188.2,15.06,198.5,180
APT101051,DOC005,Orthopedics,0,16,15,2,1,1,4,3,4,18,35.1,28.03,36.13,15
APT101052,DOC001,General Medicine,0,13,15,7,6,6,9,7,1,14,128.11,13.2,118.08,90
APT101053,DOC001,General Medicine,1,16,45,10,9,9,9,10,2,14,154.88,6.24,122.86,135
APT101054,DOC005,Orthopedics,3,11,45,1,0,0,0,4,3,18,22.34,17.4,0.0,0
APT101055,DOC003,Dermatology,4,14,45,7,6,5,7,7,4,12,91.76,14.31,65.51,90
APT101056,DOC002,Cardiology,0,14,30,6,5,4,7,6,2,20,99.38,13.56,93.62,75
APT101057,DOC004,Pediatrics,1,14,15,7,6,5,7,7,6,16,94.1,22.81,98.22,90
APT101058,DOC002,Cardiology,1,11,30,14,13,8,9,14,4,20,192.56,18.79,177.01,195
APT101059,DOC005,Orthopedics,1,14,45,13,12,11,13,13,4,18,220.41,11.71,221.08,180
APT101060,DOC001,General Medicine,3,13,15,10,9,6,7,10,5,14,116.52,13.24,110.0,135
APT101061,DOC001,General Medicine,4,14,30,3,2,2,3,4,6,14,45.74,15.25,37.13,30
APT101062,DOC004,Pediatrics,3,12,30,15,14,9,11,15,9,16,196.28,13.38,179.76,210
APT101063,DOC001,General Medicine,2,16,0,3,2,2,5,3,9,14,59.75,19.57,42.8,30
APT101064,DOC001,General Medicine,6,10,30,7,6,5,6,7,7,14,91.79,8.53,95.18,90
APT101065,DOC004,Pediatrics,1,15,45,13,12,8,11,13,8,16,147.5,22.39,157.1,180
APT101066,DOC004,Pediatrics,2,15,30,2,1,1,1,3,10,16,46.06,11.58,18.53,15
APT101067,DOC005,Orthopedics,5,15,15,1,0,0,1,2,3,18,10.65,16.8,0.0,0
APT101068,DOC001,General Medicine,0,13,30,9,8,6,6,9,4,14,120.71,12.6,116.26,120
APT101069,DOC001,General Medicine,6,12,0,9,8,6,8,9,4,14,120.8,13.93,109.36,120
APT101070,DOC005,Orthopedics,0,17,15,7,6,5,8,7,7,18,97.81,19.74,93.58,90
APT101071,DOC003,Dermatology,3,11,15,7,6,5,7,7,8,12,90.5,12.02,79.82,90
APT101072,DOC003,Dermatology,6,13,0,3,2,2,3,3,6,12,50.36,10.27,29.76,30
APT101073,DOC003,Dermatology,4,14,45,10,9,8,8,10,4,12,109.26,6.75,93.37,135
APT101074,DOC005,Orthopedics,2,14,15,15,14,11,12,15,2,18,219.92,14.05,197.93,210
APT101075,DOC001,General Medicine,4,11,45,2,1,1,3,4,0,14,22.88,21.87,22.85,15
APT101076,DOC005,Orthopedics,3,14,15,11,10,9,12,11,10,18,199.1,20.04,178.58,150
APT101077,DOC005,Orthopedics,0,15,15,7,6,5,8,7,8,18,126.15,25.25,115.48,90
APT101078,DOC003,Dermatology,6,9,45,9,8,4,5,9,4,12,58.3,17.15,44.1,120
APT101079,DOC002,Cardiology,4,16,15,1,0,0,1,4,8,20,26.34,15.88,11.86,0
APT101080,DOC001,General Medicine,4,9,45,13,12,8,8,13,9,14,109.61,11.12,96.36,180
APT101081,DOC003,Dermatology,0,12,0,14,13,8,10,14,3,12,125.43,24.01,146.61,195
APT101082,DOC002,Cardiology,6,9,45,4,3,2,3,4,4,20,49.33,23.06,42.45,45
APT101083,DOC002,Cardiology,2,9,0,6,5,4,4,6,3,20,80.11,10.71,56.9,75
APT101084,DOC004,Pediatrics,0,16,15,7,6,6,7,7,1,16,126.47,17.98,117.95,90
APT101085,DOC001,General Medicine,4,12,45,10,9,7,10,10,0,14,121.67,13.93,129.24,135
APT101086,DOC002,Cardiology,2,12,15,7,6,5,5,7,7,20,133.88,22.94,115.83,90
APT101087,DOC003,Dermatology,2,11,45,10,9,9,9,10,3,12,153.65,9.98,112.14,135
APT101088,DOC004,Pediatrics,0,13,0,2,1,1,2,2,4,16,29.29,14.36,30.29,15
APT101089,DOC001,General Medicine,4,13,0,14,13,11,13,14,5,14,200.75,11.35,187.36,195
APT101090,DOC005,Orthopedics,3,12,45,4,3,2,5,4,7,18,59.43,16.58,50.19,45
APT101091,DOC003,Dermatology,4,12,0,5,4,4,6,5,10,12,79.73,14.51,58.52,60
APT101092,DOC002,Cardiology,1,16,15,14,13,12,12,14,7,20,262.26,14.87,240.0,195
APT101093,DOC002,Cardiology,6,12,15,12,11,8,10,12,6,20,198.5,18.32,193.91,165
APT101094,DOC003,Dermatology,5,13,30,1,0,0,0,3,3,12,19.66,5.0,0.0,0
APT101095,DOC002,Cardiology,3,11,0,1,0,0,2,4,5,20,28.63,28.36,13.54,0
APT101096,DOC004,Pediatrics,2,15,15,10,9,9,10,10,3,16,164.09,19.42,139.86,135
APT101097,DOC001,General Medicine,3,12,45,3,2,1,3,3,6,14,37.31,13.47,26.79,30
APT101098,DOC004,Pediatrics,6,13,0,15,14,10,10,15,10,16,203.69,17.62,199.24,210
APT101099,DOC002,Cardiology,2,11,15,15,14,9,12,15,0,20,220.97,25.38,215.69,210
APT101100,DOC005,Orthopedics,6,17,0,10,9,8,11,10,4,18,150.29,24.74,120.59,135
APT101101,DOC001,General Medicine,2,11,45,3,2,1,4,4,9,14,38.78,15.91,33.28,30
APT101102,DOC001,General Medicine,3,15,15,12,11,8,8,12,9,14,134.17,12.1,112.19,165
APT101103,DOC003,Dermatology,2,12,30,8,7,4,6,8,3,12,66.81,5.96,69.58,105
APT101104,DOC003,Dermatology,2,11,30,9,8,7,10,9,10,12,119.96,7.2,120.17,120
APT101105,DOC005,Orthopedics,1,15,0,15,14,11,14,15,6,18,200.98,16.58,198.8,210
APT101106,DOC001,General Medicine,4,12,45,14,13,8,11,14,8,14,155.12,8.9,151.21,195
APT101107,DOC005,Orthopedics,4,15,15,11,10,8,9,11,4,18,156.32,19.23,142.36,150
APT101108,DOC003,Dermatology,5,16,45,12,11,10,10,12,3,12,125.05,9.42,136.24,165
APT101109,DOC003,Dermatology,5,15,15,1,0,0,0,2,8,12,26.39,8.23,6.52,0
APT101110,DOC001,General Medicine,1,9,0,14,13,9,9,14,4,14,112.33,9.08,99.76,195
APT101111,DOC004,Pediatrics,5,15,15,11,10,8,8,11,8,16,149.31,26.72,127.51,150
APT101112,DOC002,Cardiology,6,12,45,2,1,1,1,3,7,20,55.36,22.73,33.51,15
APT101113,DOC003,Dermatology,3,16,45,10,9,9,10,10,3,12,114.22,22.49,112.78,135
APT101114,DOC003,Dermatology,0,14,0,2,1,1,3,2,10,12,30.04,14.64,30.33,15
APT101115,DOC004,Pediatrics,6,15,45,15,14,12,13,15,10,16,221.73,15.38,220.77,210
APT101116,DOC004,Pediatrics,0,13,15,4,3,3,6,4,6,16,92.05,19.76,72.88,45
APT101117,DOC005,Orthopedics,0,13,0,2,1,1,2,2,4,18,31.13,20.41,33.42,15
APT101118,DOC005,Orthopedics,1,10,15,7,6,4,4,7,9,18,110.85,15.08,102.31,90
APT101119,DOC002,Cardiology,6,15,45,13,12,10,11,13,3,20,221.99,19.17,208.64,180
APT101120,DOC002,Cardiology,1,12,0,15,14,11,11,15,4,20,255.32,7.94,239.11,210
APT101121,DOC001,General Medicine,2,13,15,9,8,7,8,9,4,14,135.32,20.64,123.85,120
APT101122,DOC005,Orthopedics,0,15,45,7,6,4,4,7,10,18,115.76,18.71,78.74,90
APT101123,DOC003,Dermatology,3,13,45,12,11,9,12,12,8,12,145.51,15.73,158.27,165
APT101124,DOC005,Orthopedics,5,11,30,6,5,4,4,6,8,18,115.15,18.29,82.08,75
APT101125,DOC003,Dermatology,3,13,45,15,14,11,12,15,5,12,178.33,12.74,186.64,210
APT101126,DOC004,Pediatrics,5,12,15,10,9,6,9,10,3,16,126.54,14.18,139.0,135
APT101127,DOC005,Orthopedics,0,13,0,1,0,0,1,2,1,18,10.64,29.98,0.0,0
APT101128,DOC004,Pediatrics,0,9,30,11,10,7,10,11,2,16,114.63,12.88,121.72,150
APT101129,DOC002,Cardiology,0,11,45,10,9,7,9,10,1,20,192.04,26.02,197.86,135
APT101130,DOC002,Cardiology,1,11,45,9,8,6,8,9,4,20,158.97,24.55,157.07,120
APT101131,DOC001,General Medicine,6,14,45,5,4,3,5,5,5,14,57.37,13.37,57.69,60
APT101132,DOC005,Orthopedics,5,9,15,11,10,6,7,11,10,18,96.42,14.01,106.39,150
APT101133,DOC004,Pediatrics,6,12,30,5,4,3,4,5,4,16,81.24,11.33,61.61,60
APT101134,DOC003,Dermatology,1,16,15,6,5,5,8,6,1,12,73.57,7.21,68.56,75
APT101135,DOC002,Cardiology,1,10,30,9,8,5,8,9,4,20,129.37,16.95,124.12,120
APT101136,DOC002,Cardiology,4,13,0,13,12,9,12,13,8,20,236.31,20.54,229.56,180
APT101137,DOC003,Dermatology,3,15,15,8,7,6,9,8,3,12,98.03,5.0,86.91,105
APT101138,DOC004,Pediatrics,3,16,15,8,7,5,5,8,9,16,84.55,18.26,90.46,105
APT101139,DOC004,Pediatrics,2,14,0,14,13,10,12,14,1,16,177.28,14.89,177.29,195
APT101140,DOC005,Orthopedics,1,14,30,8,7,5,5,8,2,18,94.29,19.41,75.44,105
APT101141,DOC005,Orthopedics,5,15,45,1,0,0,0,2,2,18,15.97,12.57,4.39,0
APT101142,DOC001,General Medicine,4,12,0,1,0,0,0,2,8,14,24.66,9.7,10.8,0
APT101143,DOC002,Cardiology,4,15,45,8,7,7,7,8,3,20,161.17,18.7,153.81,105
APT101144,DOC005,Orthopedics,6,9,45,5,4,3,5,5,0,18,50.41,14.32,39.54,60
APT101145,DOC004,Pediatrics,3,16,0,9,8,7,7,9,0,16,110.73,12.1,123.88,120
APT101146,DOC003,Dermatology,1,12,30,2,1,1,4,4,6,12,31.14,10.97,33.2,15
APT101147,DOC004,Pediatrics,2,13,45,9,8,5,6,9,6,16,115.17,18.64,105.86,120
APT101148,DOC002,Cardiology,1,11,0,12,11,7,10,12,1,20,180.18,20.01,186.44,165
APT101149,DOC004,Pediatrics,6,14,15,14,13,11,12,14,8,16,192.44,16.3,192.74,195
APT101150,DOC001,General Medicine,0,9,15,8,7,5,8,8,8,14,95.85,19.56,87.5,105
APT101151,DOC002,Cardiology,1,16,15,9,8,7,10,9,4,20,153.62,24.4,157.05,120
APT101152,DOC003,Dermatology,6,15,0,4,3,2,3,4,2,12,39.5,15.76,25.67,45
APT101153,DOC001,General Medicine,0,11,15,1,0,0,2,2,2,14,12.03,13.94,12.07,0
APT101154,DOC002,Cardiology,0,15,45,1,0,0,0,1,2,20,15.32,25.37,0.0,0
APT101155,DOC003,Dermatology,2,15,15,5,4,3,6,5,5,12,59.76,13.39,51.04,60
APT101156,DOC001,General Medicine,5,14,15,2,1,1,3,2,3,14,19.61,18.02,3.94,15
APT101157,DOC001,General Medicine,3,12,45,14,13,9,9,14,7,14,161.97,20.85,155.86,195
APT101158,DOC002,Cardiology,1,11,15,8,7,6,8,8,10,20,165.99,17.93,154.91,105
APT101159,DOC005,Orthopedics,0,11,45,10,9,8,10,10,10,18,230.41,13.4,195.97,135
APT101160,DOC001,General Medicine,1,12,15,11,10,9,9,11,10,14,165.54,11.39,154.8,150
APT101161,DOC001,General Medicine,5,16,45,5,4,3,6,5,4,14,72.48,19.01,44.46,60
APT101162,DOC003,Dermatology,3,9,15,5,4,3,5,5,0,12,52.63,5.0,49.84,60
APT101163,DOC004,Pediatrics,5,15,45,2,1,1,4,2,8,16,36.76,19.02,33.28,15
APT101164,DOC002,Cardiology,3,12,0,7,6,5,8,7,0,20,123.46,23.19,125.42,90
APT101165,DOC002,Cardiology,4,13,45,13,12,8,11,13,5,20,197.66,31.76,193.76,180
APT101166,DOC005,Orthopedics,3,15,15,8,7,7,7,8,0,18,137.64,15.36,124.39,105
APT101167,DOC005,Orthopedics,2,16,15,10,9,7,8,10,2,18,131.15,11.78,143.53,135
APT101168,DOC002,Cardiology,5,12,30,13,12,7,10,13,9,20,185.5,14.69,188.2,180
APT101169,DOC005,Orthopedics,0,13,45,1,0,0,1,3,4,18,29.68,15.75,19.39,0
APT101170,DOC003,Dermatology,4,12,0,2,1,1,2,2,9,12,34.87,8.37,32.1,15
APT101171,DOC002,Cardiology,2,9,45,10,9,5,7,10,6,20,98.51,19.97,91.86,135
APT101172,DOC005,Orthopedics,1,11,45,4,3,2,5,4,9,18,54.78,12.53,48.48,45
APT101173,DOC002,Cardiology,5,13,0,5,4,3,6,5,7,20,93.61,25.0,85.31,60
APT101174,DOC004,Pediatrics,6,12,45,13,12,9,12,13,8,16,190.85,8.96,178.44,180
APT101175,DOC001,General Medicine,6,14,0,2,1,1,2,2,5,14,31.53,18.94,30.82,15
APT101176,DOC002,Cardiology,0,12,0,1,0,0,0,1,10,20,28.48,30.89,15.44,0
APT101177,DOC001,General Medicine,3,13,45,9,8,6,7,9,8,14,118.1,18.79,123.3,120
APT101178,DOC005,Orthopedics,0,12,45,14,13,10,13,14,7,18,257.61,18.15,240.0,195
APT101179,DOC001,General Medicine,6,14,15,1,0,0,3,1,8,14,20.92,18.65,14.23,0
APT101180,DOC002,Cardiology,1,15,15,13,12,8,11,13,9,20,187.96,14.7,164.44,180
APT101181,DOC004,Pediatrics,4,13,30,15,14,10,11,15,3,16,200.76,19.5,200.81,210
APT101182,DOC005,Orthopedics,4,15,30,4,3,2,5,4,8,18,65.7,18.66,66.01,45
APT101183,DOC002,Cardiology,5,11,45,2,1,1,3,2,6,20,48.21,17.72,24.4,15
APT101184,DOC005,Orthopedics,4,13,0,11,10,7,10,11,4,18,163.22,12.49,173.14,150
APT101185,DOC003,Dermatology,5,12,30,4,3,2,2,4,4,12,55.45,5.0,35.1,45
APT101186,DOC001,General Medicine,5,12,45,8,7,6,8,8,0,14,110.13,11.25,106.91,105
APT101187,DOC003,Dermatology,5,14,30,8,7,5,8,8,1,12,81.37,16.22,85.54,105
APT101188,DOC002,Cardiology,6,16,0,15,14,11,13,15,9,20,251.21,18.58,240.0,210
APT101189,DOC004,Pediatrics,6,10,45,11,10,9,12,11,2,16,166.39,14.04,182.05,150
APT101190,DOC005,Orthopedics,3,14,0,12,11,10,10,12,7,18,212.41,22.05,191.69,165
APT101191,DOC001,General Medicine,2,13,45,9,8,6,9,9,5,14,116.24,20.83,118.04,120
APT101192,DOC005,Orthopedics,5,10,30,13,12,8,10,13,9,18,190.26,24.34,176.48,180
APT101193,DOC002,Cardiology,5,11,15,15,14,11,11,15,10,20,281.42,18.15,240.0,210
APT101194,DOC005,Orthopedics,2,12,30,11,10,8,9,11,4,18,180.11,11.01,164.5,150
APT101195,DOC001,General Medicine,0,10,30,15,14,10,10,15,0,14,192.09,26.55,173.26,210
APT101196,DOC002,Cardiology,5,11,15,12,11,8,8,12,10,20,206.46,24.43,183.96,165
APT101197,DOC005,Orthopedics,3,11,15,5,4,2,2,5,8,18,73.99,26.7,44.86,60
APT101198,DOC004,Pediatrics,4,12,45,7,6,3,5,7,2,16,68.32,13.4,68.18,90
APT101199,DOC002,Cardiology,4,14,45,3,2,2,2,3,2,20,50.6,26.44,39.42,30
APT101200,DOC002,Cardiology,1,13,0,10,9,6,9,10,1,20,143.65,18.48,153.42,135
APT101201,DOC004,Pediatrics,1,17,0,4,3,3,3,4,3,16,54.28,15.28,30.66,45
APT101202,DOC003,Dermatology,4,12,30,10,9,7,7,10,1,12,110.12,15.73,95.21,135
APT101203,DOC001,General Medicine,4,15,15,9,8,6,9,9,8,14,109.52,17.86,104.84,120
APT101204,DOC003,Dermatology,6,16,0,10,9,8,11,10,9,12,113.29,6.87,112.77,135
APT101205,DOC005,Orthopedics,3,14,30,10,9,7,8,10,6,18,135.55,14.98,132.57,135
APT101206,DOC004,Pediatrics,2,12,15,14,13,12,12,14,7,16,246.84,18.66,208.2,195
APT101207,DOC003,Dermatology,1,15,45,12,11,9,11,12,2,12,133.03,16.22,122.1,165
APT101208,DOC002,Cardiology,6,11,30,1,0,0,0,1,5,20,11.72,26.2,12.39,0
APT101209,DOC005,Orthopedics,6,12,45,2,1,1,1,4,9,18,57.16,27.22,35.49,15
APT101210,DOC005,Orthopedics,2,13,0,5,4,3,6,5,5,18,82.85,18.73,90.1,60
APT101211,DOC003,Dermatology,6,13,0,3,2,1,2,3,0,12,24.52,13.19,20.66,30
APT101212,DOC003,Dermatology,3,9,15,2,1,1,1,2,5,12,21.42,5.0,16.38,15
APT101213,DOC004,Pediatrics,4,16,30,1,0,0,2,4,2,16,3.0,14.47,10.43,0
APT101214,DOC001,General Medicine,5,14,45,10,9,8,8,10,10,14,145.15,17.43,126.87,135
APT101215,DOC003,Dermatology,2,13,15,3,2,2,4,3,2,12,36.15,11.23,23.23,30
APT101216,DOC003,Dermatology,4,16,0,1,0,0,3,2,2,12,7.02,9.97,5.08,0
APT101217,DOC002,Cardiology,4,12,0,12,11,8,9,12,9,20,215.92,13.55,206.59,165
APT101218,DOC005,Orthopedics,0,17,30,1,0,0,0,1,10,18,9.82,25.3,0.0,0
APT101219,DOC001,General Medicine,2,13,45,12,11,10,11,12,10,14,176.98,18.58,172.88,165
APT101220,DOC002,Cardiology,6,10,30,1,0,0,0,4,9,20,25.25,26.52,21.25,0
APT101221,DOC004,Pediatrics,5,15,45,8,7,7,9,8,10,16,140.29,9.17,128.95,105
APT101222,DOC004,Pediatrics,2,14,45,15,14,11,12,15,7,16,202.59,16.39,184.15,210
APT101223,DOC003,Dermatology,6,15,30,3,2,1,1,3,4,12,25.49,10.21,16.5,30
APT101224,DOC003,Dermatology,4,17,15,11,10,7,10,11,3,12,100.71,10.65,78.99,150
APT101225,DOC004,Pediatrics,5,15,30,1,0,0,2,1,8,16,19.52,13.37,14.48,0
APT101226,DOC003,Dermatology,6,14,30,7,6,6,7,7,8,12,92.94,10.58,77.03,90
APT101227,DOC001,General Medicine,3,15,0,10,9,7,7,10,0,14,103.98,19.96,109.13,135
APT101228,DOC003,Dermatology,6,14,0,3,2,2,3,4,1,12,36.39,5.0,41.12,30
APT101229,DOC005,Orthopedics,0,12,30,8,7,4,4,8,7,18,120.7,34.98,100.01,105
APT101230,DOC003,Dermatology,4,16,30,4,3,2,4,4,4,12,48.27,17.93,23.58,45
APT101231,DOC002,Cardiology,6,11,0,4,3,2,5,4,6,20,56.0,20.81,59.45,45
APT101232,DOC001,General Medicine,1,14,45,5,4,3,5,5,0,14,50.72,9.76,45.76,60
APT101233,DOC002,Cardiology,1,16,30,6,5,4,5,6,9,20,107.29,15.47,97.41,75
APT101234,DOC002,Cardiology,0,14,15,7,6,4,5,7,4,20,113.19,17.03,88.04,90
APT101235,DOC005,Orthopedics,3,14,15,14,13,11,11,14,10,18,226.01,15.78,198.81,195
APT101236,DOC001,General Medicine,4,15,15,14,13,11,13,14,2,14,173.36,19.18,167.21,195
APT101237,DOC001,General Medicine,2,13,30,4,3,3,3,4,9,14,67.91,13.81,65.9,45
APT101238,DOC001,General Medicine,0,16,45,8,7,6,8,8,1,14,119.72,18.49,98.79,105
APT101239,DOC001,General Medicine,3,11,45,13,12,7,8,13,1,14,131.82,9.87,102.09,180
APT101240,DOC001,General Medicine,2,10,0,6,5,3,3,6,8,14,62.54,14.79,86.78,75
APT101241,DOC005,Orthopedics,1,11,30,14,13,7,7,14,3,18,152.72,27.43,154.44,195
APT101242,DOC003,Dermatology,1,13,45,1,0,0,2,3,3,12,8.33,18.57,9.75,0
APT101243,DOC002,Cardiology,2,13,30,1,0,0,3,4,6,20,25.27,22.01,27.86,0
APT101244,DOC001,General Medicine,0,15,0,9,8,7,9,9,9,14,128.84,16.52,125.22,120
APT101245,DOC003,Dermatology,1,12,0,10,9,8,11,10,9,12,133.22,13.59,137.33,135
APT101246,DOC003,Dermatology,4,13,0,6,5,4,6,6,1,12,70.68,14.16,65.67,75
APT101247,DOC002,Cardiology,5,9,15,10,9,6,7,10,2,20,111.94,25.72,105.81,135
APT101248,DOC005,Orthopedics,6,12,30,8,7,6,6,8,2,18,139.78,28.01,126.05,105
APT101249,DOC004,Pediatrics,2,14,0,13,12,9,11,13,5,16,156.22,11.64,140.29,180
APT101250,DOC004,Pediatrics,2,9,30,7,6,4,5,7,2,16,68.96,18.39,71.67,90
APT101251,DOC003,Dermatology,1,11,15,12,11,8,10,12,10,12,132.87,9.3,116.47,165
APT101252,DOC002,Cardiology,0,11,15,6,5,4,4,6,4,20,118.93,14.31,89.54,75
APT101253,DOC004,Pediatrics,4,9,0,4,3,2,4,4,3,16,40.46,16.5,33.89,45
APT101254,DOC003,Dermatology,0,13,0,7,6,4,7,7,2,12,77.52,14.55,67.49,90
APT101255,DOC005,Orthopedics,3,11,45,9,8,7,7,9,7,18,166.89,11.93,150.41,120
APT101256,DOC004,Pediatrics,3,14,30,14,13,12,15,14,9,16,213.15,22.07,219.68,195
APT101257,DOC003,Dermatology,5,15,0,11,10,9,10,11,2,12,120.54,5.0,121.62,150
APT101258,DOC003,Dermatology,1,13,45,10,9,9,10,10,5,12,142.85,23.72,139.14,135
APT101259,DOC001,General Medicine,1,17,30,10,9,9,11,10,6,14,112.67,26.2,116.53,135
APT101260,DOC005,Orthopedics,1,13,0,14,13,11,14,14,6,18,244.49,17.1,240.0,195
APT101261,DOC001,General Medicine,5,13,45,7,6,5,8,7,1,14,95.46,16.15,98.27,90
APT101262,DOC002,Cardiology,3,17,45,1,0,0,0,4,2,20,3.0,21.38,0.0,0
APT101263,DOC001,General Medicine,0,11,30,10,9,7,10,10,9,14,161.25,10.39,150.35,135
APT101264,DOC001,General Medicine,5,16,45,9,8,7,10,9,9,14,131.41,11.22,102.09,120
APT101265,DOC004,Pediatrics,5,9,30,13,12,8,8,13,3,16,111.68,14.29,122.93,180
APT101266,DOC003,Dermatology,0,12,30,4,3,2,2,4,6,12,62.9,15.3,33.84,45
APT101267,DOC005,Orthopedics,1,9,30,15,14,10,13,15,1,18,161.19,20.6,160.6,210
APT101268,DOC001,General Medicine,4,14,15,3,2,2,4,4,2,14,43.97,8.98,30.89,30
APT101269,DOC005,Orthopedics,0,14,45,4,3,2,2,4,6,18,58.35,17.08,39.89,45
APT101270,DOC001,General Medicine,3,14,30,4,3,3,3,4,6,14,67.54,17.59,68.05,45
APT101271,DOC002,Cardiology,2,12,0,13,12,8,11,13,9,20,211.82,18.9,209.49,180
APT101272,DOC001,General Medicine,2,12,15,10,9,6,9,10,2,14,104.73,14.18,95.58,135
APT101273,DOC004,Pediatrics,6,9,15,11,10,8,8,11,0,16,108.64,21.09,117.78,150
APT101274,DOC003,Dermatology,6,12,45,2,1,1,4,2,2,12,17.59,10.97,40.39,15
APT101275,DOC002,Cardiology,5,16,30,14,13,10,10,14,4,20,220.68,24.4,204.93,195
APT101276,DOC001,General Medicine,2,12,45,12,11,10,12,12,6,14,185.18,18.89,174.72,165
APT101277,DOC005,Orthopedics,4,15,15,14,13,11,13,14,3,18,220.44,14.79,205.2,195
APT101278,DOC002,Cardiology,1,15,30,1,0,0,0,1,10,20,23.17,21.02,25.48,0
APT101279,DOC002,Cardiology,3,12,0,12,11,6,6,12,10,20,156.6,19.39,137.91,165
APT101280,DOC001,General Medicine,6,14,30,10,9,6,7,10,0,14,90.51,27.5,92.78,135
APT101281,DOC002,Cardiology,4,10,15,12,11,7,8,12,5,20,187.62,21.23,165.31,165
APT101282,DOC005,Orthopedics,3,10,0,1,0,0,3,1,1,18,9.03,23.37,0.64,0
APT101283,DOC002,Cardiology,3,9,30,13,12,6,9,13,2,20,113.4,17.06,125.05,180
APT101284,DOC005,Orthopedics,1,13,0,14,13,11,11,14,3,18,235.34,11.56,211.39,195
APT101285,DOC001,General Medicine,5,12,0,8,7,6,6,8,5,14,117.65,15.66,101.65,105
APT101286,DOC003,Dermatology,2,13,15,14,13,9,10,14,5,12,139.63,11.59,115.38,195
APT101287,DOC002,Cardiology,1,13,0,2,1,1,2,2,6,20,50.8,27.63,30.25,15
APT101288,DOC003,Dermatology,4,12,45,12,11,7,7,12,4,12,119.08,5.0,105.24,165
APT101289,DOC005,Orthopedics,5,14,15,10,9,6,8,10,6,18,124.93,18.52,114.12,135
APT101290,DOC002,Cardiology,4,15,45,5,4,2,4,5,1,20,50.95,17.24,53.17,60
APT101291,DOC004,Pediatrics,5,9,0,12,11,7,10,12,0,16,99.34,11.58,101.26,165
APT101292,DOC003,Dermatology,6,11,45,4,3,2,2,4,9,12,42.98,9.67,47.76,45
APT101293,DOC002,Cardiology,4,14,30,8,7,5,5,8,7,20,115.68,21.01,120.42,105
APT101294,DOC003,Dermatology,1,12,0,2,1,1,4,4,0,12,25.96,12.3,21.34,15
APT101295,DOC002,Cardiology,5,14,30,10,9,8,9,10,1,20,176.52,13.7,165.61,135
APT101296,DOC001,General Medicine,5,12,45,9,8,8,9,9,10,14,156.56,11.91,139.37,120
APT101297,DOC003,Dermatology,3,12,30,7,6,4,6,7,9,12,78.35,18.5,78.03,90
APT101298,DOC004,Pediatrics,3,10,0,15,14,12,12,15,5,16,245.75,19.88,225.05,210
APT101299,DOC004,Pediatrics,0,11,30,13,12,9,10,13,0,16,196.04,18.87,186.15,180
APT101300,DOC005,Orthopedics,4,14,45,7,6,5,7,7,9,18,119.28,20.86,102.39,90
APT101301,DOC002,Cardiology,3,12,45,1,0,0,2,1,2,20,3.0,28.87,12.52,0
APT101302,DOC003,Dermatology,0,15,45,14,13,11,13,14,6,12,144.53,17.79,172.55,195
APT101303,DOC005,Orthopedics,6,15,0,12,11,10,11,12,7,18,205.27,17.75,198.31,165
APT101304,DOC003,Dermatology,6,13,45,2,1,1,2,2,3,12,19.46,8.96,28.26,15
APT101305,DOC002,Cardiology,3,15,0,4,3,2,2,4,2,20,51.79,22.43,47.84,45
APT101306,DOC004,Pediatrics,4,11,30,4,3,3,3,4,0,16,63.77,17.29,53.11,45
APT101307,DOC001,General Medicine,5,12,45,11,10,8,10,11,8,14,163.39,19.12,147.26,150
APT101308,DOC004,Pediatrics,2,14,30,14,13,9,11,14,9,16,172.24,31.73,154.64,195
APT101309,DOC005,Orthopedics,4,12,15,3,2,1,2,3,5,18,40.72,20.62,43.0,30
APT101310,DOC001,General Medicine,1,13,30,7,6,5,6,7,5,14,105.08,14.98,61.63,90
APT101311,DOC005,Orthopedics,6,11,15,12,11,9,9,12,8,18,212.23,16.35,193.44,165
APT101312,DOC002,Cardiology,3,13,30,8,7,6,6,8,0,20,145.3,29.25,147.05,105
APT101313,DOC001,General Medicine,3,15,0,2,1,1,4,2,5,14,38.58,14.54,17.95,15
APT101314,DOC005,Orthopedics,5,15,30,4,3,3,3,4,4,18,62.67,18.22,61.63,45
APT101315,DOC002,Cardiology,1,14,0,14,13,11,12,14,10,20,250.66,11.93,219.35,195
APT101316,DOC004,Pediatrics,5,14,0,3,2,2,4,3,5,16,38.61,11.52,40.11,30
APT101317,DOC002,Cardiology,1,13,45,2,1,1,4,4,10,20,51.38,19.5,55.44,15
APT101318,DOC003,Dermatology,2,13,0,12,11,9,9,12,7,12,147.42,10.63,131.94,165
APT101319,DOC002,Cardiology,6,10,15,13,12,7,7,13,4,20,189.67,12.85,141.7,180
APT101320,DOC002,Cardiology,3,12,45,14,13,8,9,14,1,20,185.07,15.95,176.12,195
APT101321,DOC003,Dermatology,3,13,45,6,5,4,7,6,1,12,63.29,16.64,76.31,75
APT101322,DOC005,Orthopedics,2,17,30,13,12,10,10,13,9,18,177.56,21.08,160.02,180
APT101323,DOC005,Orthopedics,0,12,0,4,3,2,4,4,4,18,67.45,30.58,80.62,45
APT101324,DOC002,Cardiology,6,13,0,6,5,5,6,6,2,20,130.05,28.62,137.58,75
APT101325,DOC003,Dermatology,5,13,15,2,1,1,4,4,9,12,32.46,26.59,33.26,15
APT101326,DOC003,Dermatology,2,14,30,12,11,11,11,12,2,12,142.98,5.0,157.26,165
APT101327,DOC004,Pediatrics,5,14,30,4,3,3,3,4,7,16,77.36,11.76,55.04,45
APT101328,DOC005,Orthopedics,4,11,45,11,10,10,13,11,6,18,226.71,18.78,218.2,150
APT101329,DOC001,General Medicine,3,13,45,6,5,4,5,6,0,14,77.69,13.26,62.63,75
APT101330,DOC005,Orthopedics,5,15,45,14,13,10,13,14,4,18,198.15,16.27,175.38,195
APT101331,DOC005,Orthopedics,1,13,15,5,4,3,6,5,8,18,77.44,18.87,98.86,60
APT101332,DOC004,Pediatrics,5,11,15,3,2,2,3,4,3,16,58.92,20.89,60.65,30
APT101333,DOC001,General Medicine,4,14,45,8,7,6,6,8,0,14,98.8,13.34,75.18,105
APT101334,DOC004,Pediatrics,6,15,30,7,6,5,7,7,7,16,117.42,11.64,90.91,90
APT101335,DOC001,General Medicine,3,9,15,3,2,1,2,4,4,14,17.59,5.0,18.34,30
APT101336,DOC002,Cardiology,2,15,30,6,5,4,6,6,1,20,98.4,17.08,81.05,75
APT101337,DOC001,General Medicine,4,15,30,4,3,3,3,4,0,14,43.26,12.63,27.37,45
APT101338,DOC004,Pediatrics,3,13,0,11,10,7,10,11,2,16,143.66,13.01,137.52,150
APT101339,DOC005,Orthopedics,5,17,45,5,4,4,6,5,8,18,85.64,15.88,71.33,60
APT101340,DOC001,General Medicine,6,15,0,11,10,10,10,11,0,14,137.9,10.88,136.15,150
APT101341,DOC001,General Medicine,0,15,45,5,4,2,2,5,3,14,46.36,9.79,36.54,60
APT101342,DOC003,Dermatology,6,14,45,7,6,4,7,7,7,12,64.7,10.2,76.62,90
APT101343,DOC005,Orthopedics,0,10,30,11,10,8,11,11,7,18,203.29,20.08,206.25,150
APT101344,DOC002,Cardiology,1,11,45,5,4,3,3,5,9,20,96.93,17.47,79.39,60
APT101345,DOC004,Pediatrics,6,13,30,11,10,7,7,11,10,16,163.36,9.8,142.77,150
APT101346,DOC002,Cardiology,3,11,30,15,14,7,9,15,10,20,186.72,22.19,184.28,210
APT101347,DOC005,Orthopedics,0,12,45,3,2,2,2,3,7,18,71.94,17.59,47.73,30
APT101348,DOC001,General Medicine,2,16,30,10,9,7,7,10,9,14,123.32,17.67,106.66,135
APT101349,DOC001,General Medicine,3,15,30,5,4,3,5,5,7,14,62.53,17.42,60.78,60
APT101350,DOC005,Orthopedics,2,14,30,7,6,5,6,7,3,18,98.09,15.93,86.06,90
APT101351,DOC001,General Medicine,6,15,15,5,4,3,5,5,7,14,70.28,9.8,65.94,60
APT101352,DOC001,General Medicine,2,15,30,5,4,3,5,5,8,14,66.03,11.92,67.0,60
APT101353,DOC001,General Medicine,0,12,15,9,8,5,8,9,6,14,114.81,16.07,99.92,120
APT101354,DOC004,Pediatrics,3,11,15,15,14,13,15,15,1,16,245.45,21.23,240.0,210
APT101355,DOC004,Pediatrics,5,13,30,3,2,2,2,3,8,16,57.27,28.75,52.12,30
APT101356,DOC003,Dermatology,4,14,30,13,12,10,10,13,10,12,145.17,14.18,124.43,180
APT101357,DOC002,Cardiology,0,12,15,6,5,3,3,6,7,20,90.36,31.32,90.9,75
APT101358,DOC005,Orthopedics,0,14,15,1,0,0,1,1,4,18,5.46,19.42,9.54,0
APT101359,DOC005,Orthopedics,5,10,30,10,9,7,7,10,2,18,154.42,21.2,130.78,135
APT101360,DOC005,Orthopedics,3,14,30,5,4,3,4,5,6,18,76.98,14.51,66.99,60
APT101361,DOC003,Dermatology,3,15,45,8,7,6,6,8,1,12,79.91,9.79,63.6,105
APT101362,DOC004,Pediatrics,6,14,15,5,4,4,6,5,2,16,70.63,17.12,81.13,60
APT101363,DOC003,Dermatology,2,17,15,9,8,7,10,9,8,12,83.3,15.4,81.44,120
APT101364,DOC005,Orthopedics,6,15,45,11,10,8,8,11,3,18,157.61,20.65,145.98,150
APT101365,DOC002,Cardiology,5,16,15,6,5,4,5,6,3,20,93.04,27.09,99.12,75
APT101366,DOC001,General Medicine,6,16,0,8,7,6,7,8,2,14,113.32,8.53,95.09,105
APT101367,DOC004,Pediatrics,5,15,15,10,9,7,10,10,4,16,136.98,12.16,118.14,135
APT101368,DOC004,Pediatrics,3,14,45,8,7,6,6,8,2,16,117.57,15.05,88.35,105
APT101369,DOC003,Dermatology,2,9,0,13,12,9,11,13,8,12,117.58,7.32,96.33,180
APT101370,DOC004,Pediatrics,6,13,30,3,2,2,2,3,2,16,43.77,32.57,43.04,30
APT101371,DOC005,Orthopedics,0,13,45,7,6,5,5,7,1,18,119.99,21.86,118.81,90
APT101372,DOC005,Orthopedics,1,11,45,14,13,8,11,14,4,18,174.77,18.64,172.0,195
APT101373,DOC003,Dermatology,4,12,30,7,6,5,5,7,5,12,97.09,10.46,62.41,90
APT101374,DOC005,Orthopedics,0,17,45,14,13,11,13,14,0,18,198.91,22.32,205.87,195
APT101375,DOC002,Cardiology,3,16,15,10,9,9,10,10,10,20,198.84,16.92,188.35,135
APT101376,DOC003,Dermatology,4,15,30,12,11,10,13,12,5,12,136.18,9.52,150.61,165
APT101377,DOC002,Cardiology,1,12,45,6,5,4,6,6,9,20,115.51,19.49,109.15,75
APT101378,DOC001,General Medicine,1,9,30,12,11,6,7,12,2,14,83.68,12.19,87.31,165
APT101379,DOC002,Cardiology,2,10,30,7,6,3,6,7,3,20,86.27,27.87,73.12,90
APT101380,DOC001,General Medicine,4,12,30,14,13,10,13,14,5,14,173.75,22.5,162.34,195
APT101381,DOC001,General Medicine,2,9,0,2,1,1,2,2,7,14,33.1,17.47,11.95,15
APT101382,DOC002,Cardiology,0,9,45,9,8,6,7,9,8,20,133.07,12.42,132.88,120
APT101383,DOC003,Dermatology,5,16,0,10,9,6,8,10,5,12,89.15,13.46,98.29,135
APT101384,DOC005,Orthopedics,5,14,45,10,9,9,9,10,6,18,188.29,26.28,161.85,135
APT101385,DOC005,Orthopedics,5,11,15,1,0,0,0,2,4,18,12.79,27.27,0.52,0
APT101386,DOC001,General Medicine,4,10,15,1,0,0,0,1,8,14,19.77,22.87,0.0,0
APT101387,DOC001,General Medicine,5,13,15,3,2,2,2,3,3,14,51.93,23.63,18.35,30
APT101388,DOC003,Dermatology,0,9,45,14,13,10,10,14,9,12,132.92,13.35,128.63,195
APT101389,DOC004,Pediatrics,2,16,30,15,14,11,13,15,10,16,200.83,16.81,192.43,210
APT101390,DOC002,Cardiology,4,12,30,3,2,2,5,3,5,20,68.69,16.54,63.16,30
APT101391,DOC001,General Medicine,2,12,0,1,0,0,2,2,4,14,31.66,14.97,0.0,0
APT101392,DOC005,Orthopedics,4,12,0,12,11,9,11,12,0,18,200.93,26.73,209.7,165
APT101393,DOC003,Dermatology,2,9,15,7,6,4,6,7,4,12,56.91,9.64,45.67,90
APT101394,DOC002,Cardiology,1,14,0,4,3,2,5,4,4,20,59.88,13.56,58.24,45
APT101395,DOC003,Dermatology,2,14,45,10,9,6,8,10,8,12,87.05,11.79,73.62,135
APT101396,DOC002,Cardiology,5,14,45,13,12,11,13,13,0,20,234.81,20.98,228.86,180
APT101397,DOC002,Cardiology,1,10,0,2,1,1,4,4,4,20,40.02,24.72,42.92,15
APT101398,DOC001,General Medicine,2,13,0,10,9,7,9,10,6,14,135.23,13.63,129.82,135
APT101399,DOC003,Dermatology,4,13,0,5,4,3,3,5,10,12,69.13,21.48,53.12,60
APT101400,DOC003,Dermatology,4,15,0,6,5,3,4,6,5,12,56.18,7.41,49.25,75
APT101401,DOC005,Orthopedics,4,12,15,9,8,7,9,9,5,18,161.3,25.13,145.96,120
APT101402,DOC005,Orthopedics,3,12,15,4,3,2,3,4,6,18,62.24,14.65,53.32,45
APT101403,DOC001,General Medicine,0,14,0,2,1,1,3,3,5,14,26.37,6.34,29.66,15
APT101404,DOC001,General Medicine,4,14,45,5,4,3,5,5,4,14,55.96,15.52,55.07,60
APT101405,DOC004,Pediatrics,1,13,15,3,2,2,2,3,9,16,71.84,11.07,45.27,30
APT101406,DOC005,Orthopedics,4,12,45,2,1,1,4,2,4,18,40.17,13.5,25.35,15
APT101407,DOC002,Cardiology,3,13,30,12,11,8,9,12,8,20,207.21,12.91,180.47,165
APT101408,DOC003,Dermatology,5,15,45,1,0,0,3,2,7,12,32.95,10.0,0.0,0
APT101409,DOC001,General Medicine,1,13,0,10,9,6,6,10,9,14,112.24,17.05,111.28,135
APT101410,DOC003,Dermatology,3,16,30,2,1,1,1,2,3,12,18.39,16.05,21.91,15
APT101411,DOC003,Dermatology,5,13,15,6,5,4,5,6,3,12,82.73,13.42,70.65,75
APT101412,DOC004,Pediatrics,6,16,15,8,7,7,10,8,9,16,137.12,18.38,133.93,105
APT101413,DOC005,Orthopedics,6,15,30,13,12,9,9,13,4,18,178.9,18.53,148.28,180
APT101414,DOC001,General Medicine,1,12,45,3,2,1,3,3,2,14,21.71,8.46,17.22,30
APT101415,DOC003,Dermatology,2,15,15,11,10,7,9,11,7,12,108.49,6.44,100.56,150
APT101416,DOC001,General Medicine,0,10,0,15,14,10,12,15,6,14,205.11,15.31,194.21,210
APT101417,DOC002,Cardiology,0,16,30,9,8,5,8,9,4,20,124.37,16.89,124.84,120
APT101418,DOC004,Pediatrics,3,14,0,15,14,11,13,15,9,16,201.1,23.71,198.6,210
APT101419,DOC002,Cardiology,5,9,30,12,11,6,8,12,2,20,110.05,24.45,108.47,165
APT101420,DOC001,General Medicine,0,14,15,9,8,7,7,9,4,14,131.53,16.66,114.87,120
APT101421,DOC001,General Medicine,5,17,45,2,1,1,1,3,2,14,14.47,10.82,8.45,15
APT101422,DOC005,Orthopedics,5,9,30,8,7,6,8,8,9,18,119.36,12.35,110.4,105
APT101423,DOC003,Dermatology,3,13,30,10,9,7,9,10,4,12,120.08,14.45,103.77,135
APT101424,DOC003,Dermatology,3,14,0,11,10,5,5,11,0,12,68.26,17.08,49.72,150
APT101425,DOC002,Cardiology,3,15,15,12,11,11,12,12,5,20,239.69,8.87,221.26,165
APT101426,DOC004,Pediatrics,0,12,0,5,4,3,6,5,9,16,88.45,12.81,80.32,60
APT101427,DOC003,Dermatology,6,11,15,4,3,2,5,4,3,12,37.75,10.73,53.63,45
APT101428,DOC005,Orthopedics,3,9,0,10,9,5,5,10,3,18,85.0,20.59,77.96,135
APT101429,DOC002,Cardiology,0,13,30,5,4,3,6,5,7,20,99.21,18.76,95.96,60
APT101430,DOC002,Cardiology,3,13,0,4,3,2,2,4,1,20,69.61,22.3,35.48,45
APT101431,DOC005,Orthopedics,4,16,45,8,7,6,6,8,3,18,130.71,16.98,117.65,105
APT101432,DOC004,Pediatrics,5,9,15,4,3,2,2,4,1,16,42.94,15.71,22.89,45
APT101433,DOC005,Orthopedics,3,14,15,13,12,12,12,13,0,18,232.51,16.84,218.9,180
APT101434,DOC004,Pediatrics,1,9,30,10,9,7,8,10,9,16,106.18,14.11,114.57,135
APT101435,DOC005,Orthopedics,5,10,15,12,11,8,10,12,2,18,178.99,13.66,178.44,165
APT101436,DOC005,Orthopedics,5,13,45,13,12,11,13,13,7,18,256.14,23.84,227.55,180
APT101437,DOC001,General Medicine,3,13,0,14,13,11,12,14,5,14,186.81,12.44,162.24,195
APT101438,DOC002,Cardiology,6,14,30,6,5,4,7,6,6,20,104.3,20.6,98.22,75
APT101439,DOC005,Orthopedics,2,16,45,2,1,1,4,2,1,18,45.66,19.76,19.16,15
APT101440,DOC005,Orthopedics,6,14,15,5,4,4,6,5,5,18,97.67,15.34,88.79,60
APT101441,DOC003,Dermatology,3,17,15,6,5,4,7,6,7,12,67.1,18.79,54.6,75
APT101442,DOC002,Cardiology,5,16,45,5,4,4,6,5,7,20,102.81,16.81,94.89,60
APT101443,DOC003,Dermatology,1,13,0,12,11,8,10,12,3,12,132.6,5.0,115.19,165
APT101444,DOC002,Cardiology,5,15,0,2,1,1,2,2,5,20,32.18,19.04,42.42,15
APT101445,DOC003,Dermatology,6,14,30,14,13,11,14,14,4,12,155.57,13.53,171.81,195
APT101446,DOC005,Orthopedics,1,9,15,7,6,5,6,7,8,18,98.68,16.9,81.5,90
APT101447,DOC005,Orthopedics,0,14,45,4,3,2,4,4,7,18,65.48,16.89,59.27,45
APT101448,DOC001,General Medicine,4,10,0,8,7,5,7,8,1,14,101.96,14.53,90.24,105
APT101449,DOC003,Dermatology,5,13,30,7,6,6,8,7,6,12,99.37,10.62,94.04,90
APT101450,DOC004,Pediatrics,3,14,15,7,6,5,5,7,6,16,98.53,13.67,77.8,90
APT101451,DOC001,General Medicine,0,9,15,9,8,6,6,9,10,14,105.78,17.83,79.62,120
APT101452,DOC003,Dermatology,4,11,30,1,0,0,0,3,0,12,3.59,14.1,0.0,0
APT101453,DOC003,Dermatology,3,16,30,10,9,8,9,10,0,12,109.11,16.41,104.65,135
APT101454,DOC001,General Medicine,2,14,0,6,5,3,5,6,3,14,44.73,12.03,47.28,75
APT101455,DOC005,Orthopedics,3,11,45,6,5,3,6,6,4,18,86.57,15.46,52.93,75
APT101456,DOC003,Dermatology,1,14,15,6,5,4,5,6,3,12,63.21,7.31,58.65,75
APT101457,DOC005,Orthopedics,1,13,45,13,12,10,11,13,6,18,223.42,17.07,213.81,180
APT101458,DOC001,General Medicine,2,13,15,12,11,9,10,12,2,14,152.78,5.0,164.0,165
APT101459,DOC005,Orthopedics,0,17,15,6,5,5,8,6,6,18,103.81,14.75,103.99,75
APT101460,DOC002,Cardiology,4,14,45,12,11,8,10,12,7,20,187.7,15.44,157.89,165
APT101461,DOC004,Pediatrics,3,12,30,10,9,7,7,10,5,16,151.25,18.1,110.2,135
APT101462,DOC003,Dermatology,1,15,0,7,6,4,6,7,5,12,60.82,9.8,53.16,90
APT101463,DOC004,Pediatrics,0,16,15,14,13,13,15,14,7,16,254.9,18.59,240.0,195
APT101464,DOC005,Orthopedics,2,10,30,10,9,6,7,10,7,18,150.67,8.3,141.95,135
APT101465,DOC003,Dermatology,6,11,15,6,5,4,5,6,6,12,70.54,13.66,65.7,75
APT101466,DOC005,Orthopedics,5,11,0,1,0,0,1,1,5,18,19.32,10.85,20.91,0
APT101467,DOC002,Cardiology,6,14,15,3,2,2,2,3,5,20,58.47,14.83,33.14,30
APT101468,DOC001,General Medicine,6,14,0,2,1,1,1,2,9,14,39.02,13.41,30.09,15
APT101469,DOC003,Dermatology,1,14,0,6,5,4,4,6,10,12,78.97,18.16,63.07,75
APT101470,DOC002,Cardiology,2,16,15,8,7,6,8,8,5,20,130.36,21.61,114.74,105
APT101471,DOC002,Cardiology,3,15,15,3,2,1,2,3,7,20,26.7,21.31,41.32,30
APT101472,DOC003,Dermatology,6,10,0,10,9,7,10,10,0,12,103.22,11.5,108.22,135
APT101473,DOC005,Orthopedics,6,12,30,8,7,5,7,8,4,18,133.17,18.21,120.57,105
APT101474,DOC002,Cardiology,4,12,45,8,7,5,5,8,2,20,142.95,17.83,107.31,105
APT101475,DOC004,Pediatrics,1,12,0,5,4,3,6,5,7,16,90.04,15.78,85.39,60
APT101476,DOC002,Cardiology,1,14,15,8,7,6,9,8,10,20,145.05,14.08,130.15,105
APT101477,DOC005,Orthopedics,3,16,15,6,5,5,6,6,5,18,96.13,18.56,104.36,75
APT101478,DOC005,Orthopedics,5,11,30,5,4,2,5,5,1,18,37.33,18.41,63.51,60
APT101479,DOC004,Pediatrics,0,13,45,9,8,6,6,9,6,16,140.9,27.47,120.72,120
APT101480,DOC002,Cardiology,4,15,0,14,13,11,12,14,6,20,241.25,22.03,240.0,195
APT101481,DOC005,Orthopedics,1,12,0,7,6,3,6,7,4,18,88.35,11.72,80.87,90
APT101482,DOC003,Dermatology,4,10,45,8,7,6,7,8,7,12,110.83,8.04,97.52,105
APT101483,DOC001,General Medicine,1,13,0,1,0,0,3,3,4,14,18.87,11.55,2.64,0
APT101484,DOC001,General Medicine,4,9,45,11,10,6,8,11,0,14,73.17,5.22,90.54,150
APT101485,DOC001,General Medicine,2,16,15,2,1,1,3,2,8,14,28.67,8.65,17.63,15
APT101486,DOC002,Cardiology,6,9,45,8,7,5,5,8,3,20,98.38,26.89,91.89,105
APT101487,DOC004,Pediatrics,1,12,0,12,11,7,9,12,1,16,145.82,21.26,128.3,165
APT101488,DOC005,Orthopedics,4,13,45,9,8,7,9,9,3,18,162.99,30.74,150.32,120
APT101489,DOC003,Dermatology,0,17,30,4,3,3,5,4,8,12,48.19,16.98,54.73,45
APT101490,DOC003,Dermatology,2,10,15,12,11,7,10,12,1,12,113.36,8.48,118.0,165
APT101491,DOC002,Cardiology,2,10,15,10,9,6,9,10,3,20,156.34,22.72,142.24,135
APT101492,DOC001,General Medicine,0,9,45,11,10,5,6,11,1,14,71.51,16.24,79.91,150
APT101493,DOC002,Cardiology,4,10,0,10,9,5,8,10,4,20,126.54,16.86,136.77,135
APT101494,DOC004,Pediatrics,3,11,30,14,13,10,12,14,2,16,202.46,14.98,183.9,195
APT101495,DOC004,Pediatrics,0,14,15,9,8,6,9,9,9,16,133.9,9.03,142.99,120
APT101496,DOC005,Orthopedics,4,11,15,4,3,3,3,4,1,18,85.51,37.58,49.57,45
APT101497,DOC005,Orthopedics,0,9,0,10,9,6,7,10,8,18,129.32,17.72,108.35,135
APT101498,DOC004,Pediatrics,0,15,0,10,9,6,7,10,4,16,124.03,16.87,121.86,135
APT101499,DOC004,Pediatrics,1,12,30,10,9,6,9,10,9,16,135.47,20.22,124.36,135
